Hospital Name,Name,Specialities,Areas of Focus
Massachusetts General Hospital,Emily Aaronson, MD,not available
Massachusetts General Hospital,Matthew Abadir, MD,"not available,not available"
Massachusetts General Hospital,Lauren Abbate, MD,Primary Care Physician
Massachusetts General Hospital,Gerald Abbott, MD,Radiologist
Massachusetts General Hospital,Shadi Abdar Esfahani," MD, MPH",Radiologist
Massachusetts General Hospital,Dunia Abdul-Aziz, MD,
Massachusetts General Hospital,Sama Abdul-Aziz, DMD,not available
Massachusetts General Hospital,John Ablon, PhD,not available
Massachusetts General Hospital,Steven Ablon, MD,Psychiatrist
Massachusetts General Hospital,Diane Abraczinskas, MD,Gastroenterologist
Massachusetts General Hospital,Emily Aaronson, MD,not available
Massachusetts General Hospital,Matthew Abadir, MD,"not available,not available"
Massachusetts General Hospital,Lauren Abbate, MD,Primary Care Physician
Massachusetts General Hospital,Gerald Abbott, MD,Radiologist
Massachusetts General Hospital,Shadi Abdar Esfahani," MD, MPH",Radiologist
Massachusetts General Hospital,Dunia Abdul-Aziz, MD,
Massachusetts General Hospital,Sama Abdul-Aziz, DMD,not available
Massachusetts General Hospital,John Ablon, PhD,not available
Massachusetts General Hospital,Steven Ablon, MD,Psychiatrist
Massachusetts General Hospital,Diane Abraczinskas, MD,Gastroenterologist
Massachusetts General Hospital,Emily Aaronson, MD,not available
Massachusetts General Hospital,Matthew Abadir, MD,"not available,not available"
Massachusetts General Hospital,Lauren Abbate, MD,Primary Care Physician
Massachusetts General Hospital,Gerald Abbott, MD,Radiologist
Massachusetts General Hospital,Shadi Abdar Esfahani," MD, MPH",Radiologist
Massachusetts General Hospital,Dunia Abdul-Aziz, MD,
Massachusetts General Hospital,Sama Abdul-Aziz, DMD,not available
Massachusetts General Hospital,John Ablon, PhD,not available
Massachusetts General Hospital,Steven Ablon, MD,Psychiatrist
Massachusetts General Hospital,Diane Abraczinskas, MD,Gastroenterologist
Massachusetts General Hospital,Emily Aaronson, MD,not available
Massachusetts General Hospital,Matthew Abadir, MD,"not available,not available"
Massachusetts General Hospital,Lauren Abbate, MD,Primary Care Physician
Massachusetts General Hospital,Gerald Abbott, MD,Radiologist
Massachusetts General Hospital,Shadi Abdar Esfahani," MD, MPH",Radiologist
Massachusetts General Hospital,Dunia Abdul-Aziz, MD,
Massachusetts General Hospital,Sama Abdul-Aziz, DMD,not available
Massachusetts General Hospital,John Ablon, PhD,not available
Massachusetts General Hospital,Steven Ablon, MD,Psychiatrist
Massachusetts General Hospital,Diane Abraczinskas, MD,Gastroenterologist
Massachusetts General Hospital,Emily Aaronson, MD,not available
Massachusetts General Hospital,Matthew Abadir, MD,"not available,not available"
Massachusetts General Hospital,Lauren Abbate, MD,Primary Care Physician
Massachusetts General Hospital,Gerald Abbott, MD,Radiologist
Massachusetts General Hospital,Shadi Abdar Esfahani," MD, MPH",Radiologist
Massachusetts General Hospital,Dunia Abdul-Aziz, MD,
Massachusetts General Hospital,Sama Abdul-Aziz, DMD,not available
Massachusetts General Hospital,John Ablon, PhD,not available
Massachusetts General Hospital,Steven Ablon, MD,Psychiatrist
Massachusetts General Hospital,Diane Abraczinskas, MD,Gastroenterologist
Massachusetts General Hospital,Emily Aaronson, MD,not available
Massachusetts General Hospital,Matthew Abadir, MD,"not available,not available"
Massachusetts General Hospital,Lauren Abbate, MD,Primary Care Physician
Massachusetts General Hospital,Gerald Abbott, MD,Radiologist
Massachusetts General Hospital,Shadi Abdar Esfahani," MD, MPH",Radiologist
Massachusetts General Hospital,Dunia Abdul-Aziz, MD,
Massachusetts General Hospital,Sama Abdul-Aziz, DMD,not available
Massachusetts General Hospital,John Ablon, PhD,not available
Massachusetts General Hospital,Steven Ablon, MD,Psychiatrist
Massachusetts General Hospital,Diane Abraczinskas, MD,Gastroenterologist
Massachusetts General Hospital,Emily Aaronson, MD,not available
Massachusetts General Hospital,Matthew Abadir, MD,"not available,not available"
Massachusetts General Hospital,Lauren Abbate, MD,Primary Care Physician
Massachusetts General Hospital,Gerald Abbott, MD,Radiologist
Massachusetts General Hospital,Shadi Abdar Esfahani," MD, MPH",Radiologist
Massachusetts General Hospital,Dunia Abdul-Aziz, MD,
Massachusetts General Hospital,Sama Abdul-Aziz, DMD,not available
Massachusetts General Hospital,John Ablon, PhD,not available
Massachusetts General Hospital,Steven Ablon, MD,Psychiatrist
Massachusetts General Hospital,Diane Abraczinskas, MD,Gastroenterologist
Massachusetts General Hospital,Emily Aaronson, MD,not available
Massachusetts General Hospital,Matthew Abadir, MD,"not available,not available"
Massachusetts General Hospital,Lauren Abbate, MD,Primary Care Physician
Massachusetts General Hospital,Gerald Abbott, MD,Radiologist
Massachusetts General Hospital,Shadi Abdar Esfahani," MD, MPH",Radiologist
Massachusetts General Hospital,Dunia Abdul-Aziz, MD,
Massachusetts General Hospital,Sama Abdul-Aziz, DMD,not available
Massachusetts General Hospital,John Ablon, PhD,not available
Massachusetts General Hospital,Steven Ablon, MD,Psychiatrist
Massachusetts General Hospital,Diane Abraczinskas, MD,Gastroenterologist
Massachusetts General Hospital,Emily Aaronson, MD,not available
Massachusetts General Hospital,Matthew Abadir, MD,"not available,not available"
Massachusetts General Hospital,Lauren Abbate, MD,Primary Care Physician
Massachusetts General Hospital,Gerald Abbott, MD,Radiologist
Massachusetts General Hospital,Shadi Abdar Esfahani," MD, MPH",Radiologist
Massachusetts General Hospital,Dunia Abdul-Aziz, MD,
Massachusetts General Hospital,Sama Abdul-Aziz, DMD,not available
Massachusetts General Hospital,John Ablon, PhD,not available
Massachusetts General Hospital,Steven Ablon, MD,Psychiatrist
Massachusetts General Hospital,Diane Abraczinskas, MD,Gastroenterologist
Massachusetts General Hospital,Emily Aaronson, MD,not available
Massachusetts General Hospital,Matthew Abadir, MD,"not available,not available"
Massachusetts General Hospital,Lauren Abbate, MD,Primary Care Physician
Massachusetts General Hospital,Gerald Abbott, MD,Radiologist
Massachusetts General Hospital,Shadi Abdar Esfahani," MD, MPH",Radiologist
Massachusetts General Hospital,Dunia Abdul-Aziz, MD,
Massachusetts General Hospital,Sama Abdul-Aziz, DMD,not available
Massachusetts General Hospital,John Ablon, PhD,not available
Massachusetts General Hospital,Steven Ablon, MD,Psychiatrist
Massachusetts General Hospital,Diane Abraczinskas, MD,Gastroenterologist
Massachusetts General Hospital,Emily Aaronson, MD,not available
Massachusetts General Hospital,Matthew Abadir, MD,"not available,not available"
Massachusetts General Hospital,Lauren Abbate, MD,Primary Care Physician
Massachusetts General Hospital,Gerald Abbott, MD,Radiologist
Massachusetts General Hospital,Shadi Abdar Esfahani," MD, MPH",Radiologist
Massachusetts General Hospital,Dunia Abdul-Aziz, MD,
Massachusetts General Hospital,Sama Abdul-Aziz, DMD,not available
Massachusetts General Hospital,John Ablon, PhD,not available
Massachusetts General Hospital,Steven Ablon, MD,Psychiatrist
Massachusetts General Hospital,Diane Abraczinskas, MD,Gastroenterologist
Massachusetts General Hospital,Emily Aaronson, MD,not available
Massachusetts General Hospital,Matthew Abadir, MD,"not available,not available"
Massachusetts General Hospital,Lauren Abbate, MD,Primary Care Physician
Massachusetts General Hospital,Gerald Abbott, MD,Radiologist
Massachusetts General Hospital,Shadi Abdar Esfahani," MD, MPH",Radiologist
Massachusetts General Hospital,Dunia Abdul-Aziz, MD,
Massachusetts General Hospital,Sama Abdul-Aziz, DMD,not available
Massachusetts General Hospital,John Ablon, PhD,not available
Massachusetts General Hospital,Steven Ablon, MD,Psychiatrist
Massachusetts General Hospital,Diane Abraczinskas, MD,Gastroenterologist
Massachusetts General Hospital,Emily Aaronson, MD,not available
Massachusetts General Hospital,Matthew Abadir, MD,"not available,not available"
Massachusetts General Hospital,Lauren Abbate, MD,Primary Care Physician
Massachusetts General Hospital,Gerald Abbott, MD,Radiologist
Massachusetts General Hospital,Shadi Abdar Esfahani," MD, MPH",Radiologist
Massachusetts General Hospital,Dunia Abdul-Aziz, MD,
Massachusetts General Hospital,Sama Abdul-Aziz, DMD,not available
Massachusetts General Hospital,John Ablon, PhD,not available
Massachusetts General Hospital,Steven Ablon, MD,Psychiatrist
Massachusetts General Hospital,Diane Abraczinskas, MD,Gastroenterologist
Massachusetts General Hospital,Emily Aaronson, MD,not available
Massachusetts General Hospital,Matthew Abadir, MD,"not available,not available"
Massachusetts General Hospital,Lauren Abbate, MD,Primary Care Physician
Massachusetts General Hospital,Gerald Abbott, MD,Radiologist
Massachusetts General Hospital,Shadi Abdar Esfahani," MD, MPH",Radiologist
Massachusetts General Hospital,Dunia Abdul-Aziz, MD,
Massachusetts General Hospital,Sama Abdul-Aziz, DMD,not available
Massachusetts General Hospital,John Ablon, PhD,not available
Massachusetts General Hospital,Steven Ablon, MD,Psychiatrist
Massachusetts General Hospital,Diane Abraczinskas, MD,Gastroenterologist
Massachusetts General Hospital,Emily Aaronson, MD,not available
Massachusetts General Hospital,Matthew Abadir, MD,"not available,not available"
Massachusetts General Hospital,Lauren Abbate, MD,Primary Care Physician
Massachusetts General Hospital,Gerald Abbott, MD,Radiologist
Massachusetts General Hospital,Shadi Abdar Esfahani," MD, MPH",Radiologist
Massachusetts General Hospital,Dunia Abdul-Aziz, MD,
Massachusetts General Hospital,Sama Abdul-Aziz, DMD,not available
Massachusetts General Hospital,John Ablon, PhD,not available
Massachusetts General Hospital,Steven Ablon, MD,Psychiatrist
Massachusetts General Hospital,Diane Abraczinskas, MD,Gastroenterologist
Massachusetts General Hospital,Emily Aaronson, MD,not available
Massachusetts General Hospital,Matthew Abadir, MD,"not available,not available"
Massachusetts General Hospital,Lauren Abbate, MD,Primary Care Physician
Massachusetts General Hospital,Gerald Abbott, MD,Radiologist
Massachusetts General Hospital,Shadi Abdar Esfahani," MD, MPH",Radiologist
Massachusetts General Hospital,Dunia Abdul-Aziz, MD,
Massachusetts General Hospital,Sama Abdul-Aziz, DMD,not available
Massachusetts General Hospital,John Ablon, PhD,not available
Massachusetts General Hospital,Steven Ablon, MD,Psychiatrist
Massachusetts General Hospital,Diane Abraczinskas, MD,Gastroenterologist
Massachusetts General Hospital,Emily Aaronson, MD,not available
Massachusetts General Hospital,Matthew Abadir, MD,"not available,not available"
Massachusetts General Hospital,Lauren Abbate, MD,Primary Care Physician
Massachusetts General Hospital,Gerald Abbott, MD,Radiologist
Massachusetts General Hospital,Shadi Abdar Esfahani," MD, MPH",Radiologist
Massachusetts General Hospital,Dunia Abdul-Aziz, MD,
Massachusetts General Hospital,Sama Abdul-Aziz, DMD,not available
Massachusetts General Hospital,John Ablon, PhD,not available
Massachusetts General Hospital,Steven Ablon, MD,Psychiatrist
Massachusetts General Hospital,Diane Abraczinskas, MD,Gastroenterologist
Massachusetts General Hospital,Emily Aaronson, MD,not available
Massachusetts General Hospital,Matthew Abadir, MD,"not available,not available"
Massachusetts General Hospital,Lauren Abbate, MD,Primary Care Physician
Massachusetts General Hospital,Gerald Abbott, MD,Radiologist
Massachusetts General Hospital,Shadi Abdar Esfahani," MD, MPH",Radiologist
Massachusetts General Hospital,Dunia Abdul-Aziz, MD,
Massachusetts General Hospital,Sama Abdul-Aziz, DMD,not available
Massachusetts General Hospital,John Ablon, PhD,not available
Massachusetts General Hospital,Steven Ablon, MD,Psychiatrist
Massachusetts General Hospital,Diane Abraczinskas, MD,Gastroenterologist
Massachusetts General Hospital,Emily Aaronson, MD,not available
Massachusetts General Hospital,Matthew Abadir, MD,"not available,not available"
Massachusetts General Hospital,Lauren Abbate, MD,Primary Care Physician
Massachusetts General Hospital,Gerald Abbott, MD,Radiologist
Massachusetts General Hospital,Shadi Abdar Esfahani," MD, MPH",Radiologist
Massachusetts General Hospital,Dunia Abdul-Aziz, MD,
Massachusetts General Hospital,Sama Abdul-Aziz, DMD,not available
Massachusetts General Hospital,John Ablon, PhD,not available
Massachusetts General Hospital,Steven Ablon, MD,Psychiatrist
Massachusetts General Hospital,Diane Abraczinskas, MD,Gastroenterologist
Massachusetts General Hospital,Emily Aaronson, MD,not available
Massachusetts General Hospital,Matthew Abadir, MD,"not available,not available"
Massachusetts General Hospital,Lauren Abbate, MD,Primary Care Physician
Massachusetts General Hospital,Gerald Abbott, MD,Radiologist
Massachusetts General Hospital,Shadi Abdar Esfahani," MD, MPH",Radiologist
Massachusetts General Hospital,Dunia Abdul-Aziz, MD,
Massachusetts General Hospital,Sama Abdul-Aziz, DMD,not available
Massachusetts General Hospital,John Ablon, PhD,not available
Massachusetts General Hospital,Steven Ablon, MD,Psychiatrist
Massachusetts General Hospital,Diane Abraczinskas, MD,Gastroenterologist
Massachusetts General Hospital,Emily Aaronson, MD,not available
Massachusetts General Hospital,Matthew Abadir, MD,"not available,not available"
Massachusetts General Hospital,Lauren Abbate, MD,Primary Care Physician
Massachusetts General Hospital,Gerald Abbott, MD,Radiologist
Massachusetts General Hospital,Shadi Abdar Esfahani," MD, MPH",Radiologist
Massachusetts General Hospital,Dunia Abdul-Aziz, MD,
Massachusetts General Hospital,Sama Abdul-Aziz, DMD,not available
Massachusetts General Hospital,John Ablon, PhD,not available
Massachusetts General Hospital,Steven Ablon, MD,Psychiatrist
Massachusetts General Hospital,Diane Abraczinskas, MD,Gastroenterologist
Massachusetts General Hospital,Emily Aaronson, MD,not available
Massachusetts General Hospital,Matthew Abadir, MD,"not available,not available"
Massachusetts General Hospital,Lauren Abbate, MD,Primary Care Physician
Massachusetts General Hospital,Gerald Abbott, MD,Radiologist
Massachusetts General Hospital,Shadi Abdar Esfahani," MD, MPH",Radiologist
Massachusetts General Hospital,Dunia Abdul-Aziz, MD,
Massachusetts General Hospital,Sama Abdul-Aziz, DMD,not available
Massachusetts General Hospital,John Ablon, PhD,not available
Massachusetts General Hospital,Steven Ablon, MD,Psychiatrist
Massachusetts General Hospital,Diane Abraczinskas, MD,Gastroenterologist
Massachusetts General Hospital,Emily Aaronson, MD,not available
Massachusetts General Hospital,Matthew Abadir, MD,"not available,not available"
Massachusetts General Hospital,Lauren Abbate, MD,Primary Care Physician
Massachusetts General Hospital,Gerald Abbott, MD,Radiologist
Massachusetts General Hospital,Shadi Abdar Esfahani," MD, MPH",Radiologist
Massachusetts General Hospital,Dunia Abdul-Aziz, MD,
Massachusetts General Hospital,Sama Abdul-Aziz, DMD,not available
Massachusetts General Hospital,John Ablon, PhD,not available
Massachusetts General Hospital,Steven Ablon, MD,Psychiatrist
Massachusetts General Hospital,Diane Abraczinskas, MD,Gastroenterologist
Massachusetts General Hospital,Emily Aaronson, MD,not available
Massachusetts General Hospital,Matthew Abadir, MD,"not available,not available"
Massachusetts General Hospital,Lauren Abbate, MD,Primary Care Physician
Massachusetts General Hospital,Gerald Abbott, MD,Radiologist
Massachusetts General Hospital,Shadi Abdar Esfahani," MD, MPH",Radiologist
Massachusetts General Hospital,Dunia Abdul-Aziz, MD,
Massachusetts General Hospital,Sama Abdul-Aziz, DMD,not available
Massachusetts General Hospital,John Ablon, PhD,not available
Massachusetts General Hospital,Steven Ablon, MD,Psychiatrist
Massachusetts General Hospital,Diane Abraczinskas, MD,Gastroenterologist
Massachusetts General Hospital,Emily Aaronson, MD,not available
Massachusetts General Hospital,Matthew Abadir, MD,"not available,not available"
Massachusetts General Hospital,Lauren Abbate, MD,Primary Care Physician
Massachusetts General Hospital,Gerald Abbott, MD,Radiologist
Massachusetts General Hospital,Shadi Abdar Esfahani," MD, MPH",Radiologist
Massachusetts General Hospital,Dunia Abdul-Aziz, MD,
Massachusetts General Hospital,Sama Abdul-Aziz, DMD,not available
Massachusetts General Hospital,John Ablon, PhD,not available
Massachusetts General Hospital,Steven Ablon, MD,Psychiatrist
Massachusetts General Hospital,Diane Abraczinskas, MD,Gastroenterologist
Massachusetts General Hospital,Emily Aaronson, MD,not available
Massachusetts General Hospital,Matthew Abadir, MD,"not available,not available"
Massachusetts General Hospital,Lauren Abbate, MD,Primary Care Physician
Massachusetts General Hospital,Gerald Abbott, MD,Radiologist
Massachusetts General Hospital,Shadi Abdar Esfahani," MD, MPH",Radiologist
Massachusetts General Hospital,Dunia Abdul-Aziz, MD,
Massachusetts General Hospital,Sama Abdul-Aziz, DMD,not available
Massachusetts General Hospital,John Ablon, PhD,not available
Massachusetts General Hospital,Steven Ablon, MD,Psychiatrist
Massachusetts General Hospital,Diane Abraczinskas, MD,Gastroenterologist
Massachusetts General Hospital,Emily Aaronson, MD,not available
Massachusetts General Hospital,Matthew Abadir, MD,"not available,not available"
Massachusetts General Hospital,Lauren Abbate, MD,Primary Care Physician
Massachusetts General Hospital,Gerald Abbott, MD,Radiologist
Massachusetts General Hospital,Shadi Abdar Esfahani," MD, MPH",Radiologist
Massachusetts General Hospital,Dunia Abdul-Aziz, MD,
Massachusetts General Hospital,Sama Abdul-Aziz, DMD,not available
Massachusetts General Hospital,John Ablon, PhD,not available
Massachusetts General Hospital,Steven Ablon, MD,Psychiatrist
Massachusetts General Hospital,Diane Abraczinskas, MD,Gastroenterologist
Massachusetts General Hospital,Emily Aaronson, MD,not available
Massachusetts General Hospital,Matthew Abadir, MD,"not available,not available"
Massachusetts General Hospital,Lauren Abbate, MD,Primary Care Physician
Massachusetts General Hospital,Gerald Abbott, MD,Radiologist
Massachusetts General Hospital,Shadi Abdar Esfahani," MD, MPH",Radiologist
Massachusetts General Hospital,Dunia Abdul-Aziz, MD,
Massachusetts General Hospital,Sama Abdul-Aziz, DMD,not available
Massachusetts General Hospital,John Ablon, PhD,not available
Massachusetts General Hospital,Steven Ablon, MD,Psychiatrist
Massachusetts General Hospital,Diane Abraczinskas, MD,Gastroenterologist
Massachusetts General Hospital,Emily Aaronson, MD,not available
Massachusetts General Hospital,Matthew Abadir, MD,"not available,not available"
Massachusetts General Hospital,Lauren Abbate, MD,Primary Care Physician
Massachusetts General Hospital,Gerald Abbott, MD,Radiologist
Massachusetts General Hospital,Shadi Abdar Esfahani," MD, MPH",Radiologist
Massachusetts General Hospital,Dunia Abdul-Aziz, MD,
Massachusetts General Hospital,Sama Abdul-Aziz, DMD,not available
Massachusetts General Hospital,John Ablon, PhD,not available
Massachusetts General Hospital,Steven Ablon, MD,Psychiatrist
Massachusetts General Hospital,Diane Abraczinskas, MD,Gastroenterologist
Massachusetts General Hospital,Emily Aaronson, MD,not available
Massachusetts General Hospital,Matthew Abadir, MD,"not available,not available"
Massachusetts General Hospital,Lauren Abbate, MD,Primary Care Physician
Massachusetts General Hospital,Gerald Abbott, MD,Radiologist
Massachusetts General Hospital,Shadi Abdar Esfahani," MD, MPH",Radiologist
Massachusetts General Hospital,Dunia Abdul-Aziz, MD,
Massachusetts General Hospital,Sama Abdul-Aziz, DMD,not available
Massachusetts General Hospital,John Ablon, PhD,not available
Massachusetts General Hospital,Steven Ablon, MD,Psychiatrist
Massachusetts General Hospital,Diane Abraczinskas, MD,Gastroenterologist
Massachusetts General Hospital,Emily Aaronson, MD,not available
Massachusetts General Hospital,Matthew Abadir, MD,"not available,not available"
Massachusetts General Hospital,Lauren Abbate, MD,Primary Care Physician
Massachusetts General Hospital,Gerald Abbott, MD,Radiologist
Massachusetts General Hospital,Shadi Abdar Esfahani," MD, MPH",Radiologist
Massachusetts General Hospital,Dunia Abdul-Aziz, MD,
Massachusetts General Hospital,Sama Abdul-Aziz, DMD,not available
Massachusetts General Hospital,John Ablon, PhD,not available
Massachusetts General Hospital,Steven Ablon, MD,Psychiatrist
Massachusetts General Hospital,Diane Abraczinskas, MD,Gastroenterologist
Massachusetts General Hospital,Emily Aaronson, MD,not available
Massachusetts General Hospital,Matthew Abadir, MD,"not available,not available"
Massachusetts General Hospital,Lauren Abbate, MD,Primary Care Physician
Massachusetts General Hospital,Gerald Abbott, MD,Radiologist
Massachusetts General Hospital,Shadi Abdar Esfahani," MD, MPH",Radiologist
Massachusetts General Hospital,Dunia Abdul-Aziz, MD,
Massachusetts General Hospital,Sama Abdul-Aziz, DMD,not available
Massachusetts General Hospital,John Ablon, PhD,not available
Massachusetts General Hospital,Steven Ablon, MD,Psychiatrist
Massachusetts General Hospital,Diane Abraczinskas, MD,Gastroenterologist
Massachusetts General Hospital,Emily Aaronson, MD,not available
Massachusetts General Hospital,Matthew Abadir, MD,"not available,not available"
Massachusetts General Hospital,Lauren Abbate, MD,Primary Care Physician
Massachusetts General Hospital,Gerald Abbott, MD,Radiologist
Massachusetts General Hospital,Shadi Abdar Esfahani," MD, MPH",Radiologist
Massachusetts General Hospital,Dunia Abdul-Aziz, MD,
Massachusetts General Hospital,Sama Abdul-Aziz, DMD,not available
Massachusetts General Hospital,John Ablon, PhD,not available
Massachusetts General Hospital,Steven Ablon, MD,Psychiatrist
Massachusetts General Hospital,Diane Abraczinskas, MD,Gastroenterologist
Massachusetts General Hospital,Emily Aaronson, MD,not available
Massachusetts General Hospital,Matthew Abadir, MD,"not available,not available"
Massachusetts General Hospital,Lauren Abbate, MD,Primary Care Physician
Massachusetts General Hospital,Gerald Abbott, MD,Radiologist
Massachusetts General Hospital,Shadi Abdar Esfahani," MD, MPH",Radiologist
Massachusetts General Hospital,Dunia Abdul-Aziz, MD,
Massachusetts General Hospital,Sama Abdul-Aziz, DMD,not available
Massachusetts General Hospital,John Ablon, PhD,not available
Massachusetts General Hospital,Steven Ablon, MD,Psychiatrist
Massachusetts General Hospital,Diane Abraczinskas, MD,Gastroenterologist
Massachusetts General Hospital,Emily Aaronson, MD,not available
Massachusetts General Hospital,Matthew Abadir, MD,"not available,not available"
Massachusetts General Hospital,Lauren Abbate, MD,Primary Care Physician
Massachusetts General Hospital,Gerald Abbott, MD,Radiologist
Massachusetts General Hospital,Shadi Abdar Esfahani," MD, MPH",Radiologist
Massachusetts General Hospital,Dunia Abdul-Aziz, MD,
Massachusetts General Hospital,Sama Abdul-Aziz, DMD,not available
Massachusetts General Hospital,John Ablon, PhD,not available
Massachusetts General Hospital,Steven Ablon, MD,Psychiatrist
Massachusetts General Hospital,Diane Abraczinskas, MD,Gastroenterologist
Massachusetts General Hospital,Emily Aaronson, MD,not available
Massachusetts General Hospital,Matthew Abadir, MD,"not available,not available"
Massachusetts General Hospital,Lauren Abbate, MD,Primary Care Physician
Massachusetts General Hospital,Gerald Abbott, MD,Radiologist
Massachusetts General Hospital,Shadi Abdar Esfahani," MD, MPH",Radiologist
Massachusetts General Hospital,Dunia Abdul-Aziz, MD,
Massachusetts General Hospital,Sama Abdul-Aziz, DMD,not available
Massachusetts General Hospital,John Ablon, PhD,not available
Massachusetts General Hospital,Steven Ablon, MD,Psychiatrist
Massachusetts General Hospital,Diane Abraczinskas, MD,Gastroenterologist
Massachusetts General Hospital,Emily Aaronson, MD,not available
Massachusetts General Hospital,Matthew Abadir, MD,"not available,not available"
Massachusetts General Hospital,Lauren Abbate, MD,Primary Care Physician
Massachusetts General Hospital,Gerald Abbott, MD,Radiologist
Massachusetts General Hospital,Shadi Abdar Esfahani," MD, MPH",Radiologist
Massachusetts General Hospital,Dunia Abdul-Aziz, MD,
Massachusetts General Hospital,Sama Abdul-Aziz, DMD,not available
Massachusetts General Hospital,John Ablon, PhD,not available
Massachusetts General Hospital,Steven Ablon, MD,Psychiatrist
Massachusetts General Hospital,Diane Abraczinskas, MD,Gastroenterologist
Massachusetts General Hospital,Emily Aaronson, MD,not available
Massachusetts General Hospital,Matthew Abadir, MD,"not available,not available"
Massachusetts General Hospital,Lauren Abbate, MD,Primary Care Physician
Massachusetts General Hospital,Gerald Abbott, MD,Radiologist
Massachusetts General Hospital,Shadi Abdar Esfahani," MD, MPH",Radiologist
Massachusetts General Hospital,Dunia Abdul-Aziz, MD,
Massachusetts General Hospital,Sama Abdul-Aziz, DMD,not available
Massachusetts General Hospital,John Ablon, PhD,not available
Massachusetts General Hospital,Steven Ablon, MD,Psychiatrist
Massachusetts General Hospital,Diane Abraczinskas, MD,Gastroenterologist
Massachusetts General Hospital,Emily Aaronson, MD,not available
Massachusetts General Hospital,Matthew Abadir, MD,"not available,not available"
Massachusetts General Hospital,Lauren Abbate, MD,Primary Care Physician
Massachusetts General Hospital,Gerald Abbott, MD,Radiologist
Massachusetts General Hospital,Shadi Abdar Esfahani," MD, MPH",Radiologist
Massachusetts General Hospital,Dunia Abdul-Aziz, MD,
Massachusetts General Hospital,Sama Abdul-Aziz, DMD,not available
Massachusetts General Hospital,John Ablon, PhD,not available
Massachusetts General Hospital,Steven Ablon, MD,Psychiatrist
Massachusetts General Hospital,Diane Abraczinskas, MD,Gastroenterologist
Massachusetts General Hospital,Emily Aaronson, MD,not available
Massachusetts General Hospital,Matthew Abadir, MD,"not available,not available"
Massachusetts General Hospital,Lauren Abbate, MD,Primary Care Physician
Massachusetts General Hospital,Gerald Abbott, MD,Radiologist
Massachusetts General Hospital,Shadi Abdar Esfahani," MD, MPH",Radiologist
Massachusetts General Hospital,Dunia Abdul-Aziz, MD,
Massachusetts General Hospital,Sama Abdul-Aziz, DMD,not available
Massachusetts General Hospital,John Ablon, PhD,not available
Massachusetts General Hospital,Steven Ablon, MD,Psychiatrist
Massachusetts General Hospital,Diane Abraczinskas, MD,Gastroenterologist
Massachusetts General Hospital,Emily Aaronson, MD,not available
Massachusetts General Hospital,Matthew Abadir, MD,"not available,not available"
Massachusetts General Hospital,Lauren Abbate, MD,Primary Care Physician
Massachusetts General Hospital,Gerald Abbott, MD,Radiologist
Massachusetts General Hospital,Shadi Abdar Esfahani," MD, MPH",Radiologist
Massachusetts General Hospital,Dunia Abdul-Aziz, MD,
Massachusetts General Hospital,Sama Abdul-Aziz, DMD,not available
Massachusetts General Hospital,John Ablon, PhD,not available
Massachusetts General Hospital,Steven Ablon, MD,Psychiatrist
Massachusetts General Hospital,Diane Abraczinskas, MD,Gastroenterologist
Massachusetts General Hospital,Emily Aaronson, MD,not available
Massachusetts General Hospital,Matthew Abadir, MD,"not available,not available"
Massachusetts General Hospital,Lauren Abbate, MD,Primary Care Physician
Massachusetts General Hospital,Gerald Abbott, MD,Radiologist
Massachusetts General Hospital,Shadi Abdar Esfahani," MD, MPH",Radiologist
Massachusetts General Hospital,Dunia Abdul-Aziz, MD,
Massachusetts General Hospital,Sama Abdul-Aziz, DMD,not available
Massachusetts General Hospital,John Ablon, PhD,not available
Massachusetts General Hospital,Steven Ablon, MD,Psychiatrist
Massachusetts General Hospital,Diane Abraczinskas, MD,Gastroenterologist
Massachusetts General Hospital,Emily Aaronson, MD,not available
Massachusetts General Hospital,Matthew Abadir, MD,"not available,not available"
Massachusetts General Hospital,Lauren Abbate, MD,Primary Care Physician
Massachusetts General Hospital,Gerald Abbott, MD,Radiologist
Massachusetts General Hospital,Shadi Abdar Esfahani," MD, MPH",Radiologist
Massachusetts General Hospital,Dunia Abdul-Aziz, MD,
Massachusetts General Hospital,Sama Abdul-Aziz, DMD,not available
Massachusetts General Hospital,John Ablon, PhD,not available
Massachusetts General Hospital,Steven Ablon, MD,Psychiatrist
Massachusetts General Hospital,Diane Abraczinskas, MD,Gastroenterologist
Massachusetts General Hospital,Emily Aaronson, MD,not available
Massachusetts General Hospital,Matthew Abadir, MD,"not available,not available"
Massachusetts General Hospital,Lauren Abbate, MD,Primary Care Physician
Massachusetts General Hospital,Gerald Abbott, MD,Radiologist
Massachusetts General Hospital,Shadi Abdar Esfahani," MD, MPH",Radiologist
Massachusetts General Hospital,Dunia Abdul-Aziz, MD,
Massachusetts General Hospital,Sama Abdul-Aziz, DMD,not available
Massachusetts General Hospital,John Ablon, PhD,not available
Massachusetts General Hospital,Steven Ablon, MD,Psychiatrist
Massachusetts General Hospital,Diane Abraczinskas, MD,Gastroenterologist
Massachusetts General Hospital,Emily Aaronson, MD,not available
Massachusetts General Hospital,Matthew Abadir, MD,"not available,not available"
Massachusetts General Hospital,Lauren Abbate, MD,Primary Care Physician
Massachusetts General Hospital,Gerald Abbott, MD,Radiologist
Massachusetts General Hospital,Shadi Abdar Esfahani," MD, MPH",Radiologist
Massachusetts General Hospital,Dunia Abdul-Aziz, MD,
Massachusetts General Hospital,Sama Abdul-Aziz, DMD,not available
Massachusetts General Hospital,John Ablon, PhD,not available
Massachusetts General Hospital,Steven Ablon, MD,Psychiatrist
Massachusetts General Hospital,Diane Abraczinskas, MD,Gastroenterologist
Massachusetts General Hospital,Emily Aaronson, MD,not available
Massachusetts General Hospital,Matthew Abadir, MD,"not available,not available"
Massachusetts General Hospital,Lauren Abbate, MD,Primary Care Physician
Massachusetts General Hospital,Gerald Abbott, MD,Radiologist
Massachusetts General Hospital,Shadi Abdar Esfahani," MD, MPH",Radiologist
Massachusetts General Hospital,Dunia Abdul-Aziz, MD,
Massachusetts General Hospital,Sama Abdul-Aziz, DMD,not available
Massachusetts General Hospital,John Ablon, PhD,not available
Massachusetts General Hospital,Steven Ablon, MD,Psychiatrist
Massachusetts General Hospital,Diane Abraczinskas, MD,Gastroenterologist
Massachusetts General Hospital,Emily Aaronson, MD,not available
Massachusetts General Hospital,Matthew Abadir, MD,"not available,not available"
Massachusetts General Hospital,Lauren Abbate, MD,Primary Care Physician
Massachusetts General Hospital,Gerald Abbott, MD,Radiologist
Massachusetts General Hospital,Shadi Abdar Esfahani," MD, MPH",Radiologist
Massachusetts General Hospital,Dunia Abdul-Aziz, MD,
Massachusetts General Hospital,Sama Abdul-Aziz, DMD,not available
Massachusetts General Hospital,John Ablon, PhD,not available
Massachusetts General Hospital,Steven Ablon, MD,Psychiatrist
Massachusetts General Hospital,Diane Abraczinskas, MD,Gastroenterologist
Massachusetts General Hospital,Emily Aaronson, MD,not available
Massachusetts General Hospital,Matthew Abadir, MD,"not available,not available"
Massachusetts General Hospital,Lauren Abbate, MD,Primary Care Physician
Massachusetts General Hospital,Gerald Abbott, MD,Radiologist
Massachusetts General Hospital,Shadi Abdar Esfahani," MD, MPH",Radiologist
Massachusetts General Hospital,Dunia Abdul-Aziz, MD,
Massachusetts General Hospital,Sama Abdul-Aziz, DMD,not available
Massachusetts General Hospital,John Ablon, PhD,not available
Massachusetts General Hospital,Steven Ablon, MD,Psychiatrist
Massachusetts General Hospital,Diane Abraczinskas, MD,Gastroenterologist
Massachusetts General Hospital,Emily Aaronson, MD,not available
Massachusetts General Hospital,Matthew Abadir, MD,"not available,not available"
Massachusetts General Hospital,Lauren Abbate, MD,Primary Care Physician
Massachusetts General Hospital,Gerald Abbott, MD,Radiologist
Massachusetts General Hospital,Shadi Abdar Esfahani," MD, MPH",Radiologist
Massachusetts General Hospital,Dunia Abdul-Aziz, MD,
Massachusetts General Hospital,Sama Abdul-Aziz, DMD,not available
Massachusetts General Hospital,John Ablon, PhD,not available
Massachusetts General Hospital,Steven Ablon, MD,Psychiatrist
Massachusetts General Hospital,Diane Abraczinskas, MD,Gastroenterologist
Massachusetts General Hospital,Emily Aaronson, MD,not available
Massachusetts General Hospital,Matthew Abadir, MD,"not available,not available"
Massachusetts General Hospital,Lauren Abbate, MD,Primary Care Physician
Massachusetts General Hospital,Gerald Abbott, MD,Radiologist
Massachusetts General Hospital,Shadi Abdar Esfahani," MD, MPH",Radiologist
Massachusetts General Hospital,Dunia Abdul-Aziz, MD,
Massachusetts General Hospital,Sama Abdul-Aziz, DMD,not available
Massachusetts General Hospital,John Ablon, PhD,not available
Massachusetts General Hospital,Steven Ablon, MD,Psychiatrist
Massachusetts General Hospital,Diane Abraczinskas, MD,Gastroenterologist
Massachusetts General Hospital,Emily Aaronson, MD,not available
Massachusetts General Hospital,Matthew Abadir, MD,"not available,not available"
Massachusetts General Hospital,Lauren Abbate, MD,Primary Care Physician
Massachusetts General Hospital,Gerald Abbott, MD,Radiologist
Massachusetts General Hospital,Shadi Abdar Esfahani," MD, MPH",Radiologist
Massachusetts General Hospital,Dunia Abdul-Aziz, MD,
Massachusetts General Hospital,Sama Abdul-Aziz, DMD,not available
Massachusetts General Hospital,John Ablon, PhD,not available
Massachusetts General Hospital,Steven Ablon, MD,Psychiatrist
Massachusetts General Hospital,Diane Abraczinskas, MD,Gastroenterologist
Massachusetts General Hospital,Emily Aaronson, MD,not available
Massachusetts General Hospital,Matthew Abadir, MD,"not available,not available"
Massachusetts General Hospital,Lauren Abbate, MD,Primary Care Physician
Massachusetts General Hospital,Gerald Abbott, MD,Radiologist
Massachusetts General Hospital,Shadi Abdar Esfahani," MD, MPH",Radiologist
Massachusetts General Hospital,Dunia Abdul-Aziz, MD,
Massachusetts General Hospital,Sama Abdul-Aziz, DMD,not available
Massachusetts General Hospital,John Ablon, PhD,not available
Massachusetts General Hospital,Steven Ablon, MD,Psychiatrist
Massachusetts General Hospital,Diane Abraczinskas, MD,Gastroenterologist
Massachusetts General Hospital,Emily Aaronson, MD,not available
Massachusetts General Hospital,Matthew Abadir, MD,"not available,not available"
Massachusetts General Hospital,Lauren Abbate, MD,Primary Care Physician
Massachusetts General Hospital,Gerald Abbott, MD,Radiologist
Massachusetts General Hospital,Shadi Abdar Esfahani," MD, MPH",Radiologist
Massachusetts General Hospital,Dunia Abdul-Aziz, MD,
Massachusetts General Hospital,Sama Abdul-Aziz, DMD,not available
Massachusetts General Hospital,John Ablon, PhD,not available
Massachusetts General Hospital,Steven Ablon, MD,Psychiatrist
Massachusetts General Hospital,Diane Abraczinskas, MD,Gastroenterologist
Massachusetts General Hospital,Emily Aaronson, MD,not available
Massachusetts General Hospital,Matthew Abadir, MD,"not available,not available"
Massachusetts General Hospital,Lauren Abbate, MD,Primary Care Physician
Massachusetts General Hospital,Gerald Abbott, MD,Radiologist
Massachusetts General Hospital,Shadi Abdar Esfahani," MD, MPH",Radiologist
Massachusetts General Hospital,Dunia Abdul-Aziz, MD,
Massachusetts General Hospital,Sama Abdul-Aziz, DMD,not available
Massachusetts General Hospital,John Ablon, PhD,not available
Massachusetts General Hospital,Steven Ablon, MD,Psychiatrist
Massachusetts General Hospital,Diane Abraczinskas, MD,Gastroenterologist
Massachusetts General Hospital,Emily Aaronson, MD,not available
Massachusetts General Hospital,Matthew Abadir, MD,"not available,not available"
Massachusetts General Hospital,Lauren Abbate, MD,Primary Care Physician
Massachusetts General Hospital,Gerald Abbott, MD,Radiologist
Massachusetts General Hospital,Shadi Abdar Esfahani," MD, MPH",Radiologist
Massachusetts General Hospital,Dunia Abdul-Aziz, MD,
Massachusetts General Hospital,Sama Abdul-Aziz, DMD,not available
Massachusetts General Hospital,John Ablon, PhD,not available
Massachusetts General Hospital,Steven Ablon, MD,Psychiatrist
Massachusetts General Hospital,Diane Abraczinskas, MD,Gastroenterologist
Massachusetts General Hospital,Emily Aaronson, MD,not available
Massachusetts General Hospital,Matthew Abadir, MD,"not available,not available"
Massachusetts General Hospital,Lauren Abbate, MD,Primary Care Physician
Massachusetts General Hospital,Gerald Abbott, MD,Radiologist
Massachusetts General Hospital,Shadi Abdar Esfahani," MD, MPH",Radiologist
Massachusetts General Hospital,Dunia Abdul-Aziz, MD,
Massachusetts General Hospital,Sama Abdul-Aziz, DMD,not available
Massachusetts General Hospital,John Ablon, PhD,not available
Massachusetts General Hospital,Steven Ablon, MD,Psychiatrist
Massachusetts General Hospital,Diane Abraczinskas, MD,Gastroenterologist
Massachusetts General Hospital,Emily Aaronson, MD,not available
Massachusetts General Hospital,Matthew Abadir, MD,"not available,not available"
Massachusetts General Hospital,Lauren Abbate, MD,Primary Care Physician
Massachusetts General Hospital,Gerald Abbott, MD,Radiologist
Massachusetts General Hospital,Shadi Abdar Esfahani," MD, MPH",Radiologist
Massachusetts General Hospital,Dunia Abdul-Aziz, MD,
Massachusetts General Hospital,Sama Abdul-Aziz, DMD,not available
Massachusetts General Hospital,John Ablon, PhD,not available
Massachusetts General Hospital,Steven Ablon, MD,Psychiatrist
Massachusetts General Hospital,Diane Abraczinskas, MD,Gastroenterologist
Massachusetts General Hospital,Emily Aaronson, MD,not available
Massachusetts General Hospital,Matthew Abadir, MD,"not available,not available"
Massachusetts General Hospital,Lauren Abbate, MD,Primary Care Physician
Massachusetts General Hospital,Gerald Abbott, MD,Radiologist
Massachusetts General Hospital,Shadi Abdar Esfahani," MD, MPH",Radiologist
Massachusetts General Hospital,Dunia Abdul-Aziz, MD,
Massachusetts General Hospital,Sama Abdul-Aziz, DMD,not available
Massachusetts General Hospital,John Ablon, PhD,not available
Massachusetts General Hospital,Steven Ablon, MD,Psychiatrist
Massachusetts General Hospital,Diane Abraczinskas, MD,Gastroenterologist
Massachusetts General Hospital,Emily Aaronson, MD,not available
Massachusetts General Hospital,Matthew Abadir, MD,"not available,not available"
Massachusetts General Hospital,Lauren Abbate, MD,Primary Care Physician
Massachusetts General Hospital,Gerald Abbott, MD,Radiologist
Massachusetts General Hospital,Shadi Abdar Esfahani," MD, MPH",Radiologist
Massachusetts General Hospital,Dunia Abdul-Aziz, MD,
Massachusetts General Hospital,Sama Abdul-Aziz, DMD,not available
Massachusetts General Hospital,John Ablon, PhD,not available
Massachusetts General Hospital,Steven Ablon, MD,Psychiatrist
Massachusetts General Hospital,Diane Abraczinskas, MD,Gastroenterologist
Massachusetts General Hospital,Emily Aaronson, MD,not available
Massachusetts General Hospital,Matthew Abadir, MD,"not available,not available"
Massachusetts General Hospital,Lauren Abbate, MD,Primary Care Physician
Massachusetts General Hospital,Gerald Abbott, MD,Radiologist
Massachusetts General Hospital,Shadi Abdar Esfahani," MD, MPH",Radiologist
Massachusetts General Hospital,Dunia Abdul-Aziz, MD,
Massachusetts General Hospital,Sama Abdul-Aziz, DMD,not available
Massachusetts General Hospital,John Ablon, PhD,not available
Massachusetts General Hospital,Steven Ablon, MD,Psychiatrist
Massachusetts General Hospital,Diane Abraczinskas, MD,Gastroenterologist
Massachusetts General Hospital,Emily Aaronson, MD,not available
Massachusetts General Hospital,Matthew Abadir, MD,"not available,not available"
Massachusetts General Hospital,Lauren Abbate, MD,Primary Care Physician
Massachusetts General Hospital,Gerald Abbott, MD,Radiologist
Massachusetts General Hospital,Shadi Abdar Esfahani," MD, MPH",Radiologist
Massachusetts General Hospital,Dunia Abdul-Aziz, MD,
Massachusetts General Hospital,Sama Abdul-Aziz, DMD,not available
Massachusetts General Hospital,John Ablon, PhD,not available
Massachusetts General Hospital,Steven Ablon, MD,Psychiatrist
Massachusetts General Hospital,Diane Abraczinskas, MD,Gastroenterologist
Massachusetts General Hospital,Emily Aaronson, MD,not available
Massachusetts General Hospital,Matthew Abadir, MD,"not available,not available"
Massachusetts General Hospital,Lauren Abbate, MD,Primary Care Physician
Massachusetts General Hospital,Gerald Abbott, MD,Radiologist
Massachusetts General Hospital,Shadi Abdar Esfahani," MD, MPH",Radiologist
Massachusetts General Hospital,Dunia Abdul-Aziz, MD,
Massachusetts General Hospital,Sama Abdul-Aziz, DMD,not available
Massachusetts General Hospital,John Ablon, PhD,not available
Massachusetts General Hospital,Steven Ablon, MD,Psychiatrist
Massachusetts General Hospital,Diane Abraczinskas, MD,Gastroenterologist
Massachusetts General Hospital,Emily Aaronson, MD,not available
Massachusetts General Hospital,Matthew Abadir, MD,"not available,not available"
Massachusetts General Hospital,Lauren Abbate, MD,Primary Care Physician
Massachusetts General Hospital,Gerald Abbott, MD,Radiologist
Massachusetts General Hospital,Shadi Abdar Esfahani," MD, MPH",Radiologist
Massachusetts General Hospital,Dunia Abdul-Aziz, MD,
Massachusetts General Hospital,Sama Abdul-Aziz, DMD,not available
Massachusetts General Hospital,John Ablon, PhD,not available
Massachusetts General Hospital,Steven Ablon, MD,Psychiatrist
Massachusetts General Hospital,Diane Abraczinskas, MD,Gastroenterologist
Massachusetts General Hospital,Emily Aaronson, MD,not available
Massachusetts General Hospital,Matthew Abadir, MD,"not available,not available"
Massachusetts General Hospital,Lauren Abbate, MD,Primary Care Physician
Massachusetts General Hospital,Gerald Abbott, MD,Radiologist
Massachusetts General Hospital,Shadi Abdar Esfahani," MD, MPH",Radiologist
Massachusetts General Hospital,Dunia Abdul-Aziz, MD,
Massachusetts General Hospital,Sama Abdul-Aziz, DMD,not available
Massachusetts General Hospital,John Ablon, PhD,not available
Massachusetts General Hospital,Steven Ablon, MD,Psychiatrist
Massachusetts General Hospital,Diane Abraczinskas, MD,Gastroenterologist
Massachusetts General Hospital,Emily Aaronson, MD,not available
Massachusetts General Hospital,Matthew Abadir, MD,"not available,not available"
Massachusetts General Hospital,Lauren Abbate, MD,Primary Care Physician
Massachusetts General Hospital,Gerald Abbott, MD,Radiologist
Massachusetts General Hospital,Shadi Abdar Esfahani," MD, MPH",Radiologist
Massachusetts General Hospital,Dunia Abdul-Aziz, MD,
Massachusetts General Hospital,Sama Abdul-Aziz, DMD,not available
Massachusetts General Hospital,John Ablon, PhD,not available
Massachusetts General Hospital,Steven Ablon, MD,Psychiatrist
Massachusetts General Hospital,Diane Abraczinskas, MD,Gastroenterologist
Massachusetts General Hospital,Emily Aaronson, MD,not available
Massachusetts General Hospital,Matthew Abadir, MD,"not available,not available"
Massachusetts General Hospital,Lauren Abbate, MD,Primary Care Physician
Massachusetts General Hospital,Gerald Abbott, MD,Radiologist
Massachusetts General Hospital,Shadi Abdar Esfahani," MD, MPH",Radiologist
Massachusetts General Hospital,Dunia Abdul-Aziz, MD,
Massachusetts General Hospital,Sama Abdul-Aziz, DMD,not available
Massachusetts General Hospital,John Ablon, PhD,not available
Massachusetts General Hospital,Steven Ablon, MD,Psychiatrist
Massachusetts General Hospital,Diane Abraczinskas, MD,Gastroenterologist
Massachusetts General Hospital,Emily Aaronson, MD,not available
Massachusetts General Hospital,Matthew Abadir, MD,"not available,not available"
Massachusetts General Hospital,Lauren Abbate, MD,Primary Care Physician
Massachusetts General Hospital,Gerald Abbott, MD,Radiologist
Massachusetts General Hospital,Shadi Abdar Esfahani," MD, MPH",Radiologist
Massachusetts General Hospital,Dunia Abdul-Aziz, MD,
Massachusetts General Hospital,Sama Abdul-Aziz, DMD,not available
Massachusetts General Hospital,John Ablon, PhD,not available
Massachusetts General Hospital,Steven Ablon, MD,Psychiatrist
Massachusetts General Hospital,Diane Abraczinskas, MD,Gastroenterologist
Massachusetts General Hospital,Emily Aaronson, MD,not available
Massachusetts General Hospital,Matthew Abadir, MD,"not available,not available"
Massachusetts General Hospital,Lauren Abbate, MD,Primary Care Physician
Massachusetts General Hospital,Gerald Abbott, MD,Radiologist
Massachusetts General Hospital,Shadi Abdar Esfahani," MD, MPH",Radiologist
Massachusetts General Hospital,Dunia Abdul-Aziz, MD,
Massachusetts General Hospital,Sama Abdul-Aziz, DMD,not available
Massachusetts General Hospital,John Ablon, PhD,not available
Massachusetts General Hospital,Steven Ablon, MD,Psychiatrist
Massachusetts General Hospital,Diane Abraczinskas, MD,Gastroenterologist
Massachusetts General Hospital,Emily Aaronson, MD,not available
Massachusetts General Hospital,Matthew Abadir, MD,"not available,not available"
Massachusetts General Hospital,Lauren Abbate, MD,Primary Care Physician
Massachusetts General Hospital,Gerald Abbott, MD,Radiologist
Massachusetts General Hospital,Shadi Abdar Esfahani," MD, MPH",Radiologist
Massachusetts General Hospital,Dunia Abdul-Aziz, MD,
Massachusetts General Hospital,Sama Abdul-Aziz, DMD,not available
Massachusetts General Hospital,John Ablon, PhD,not available
Massachusetts General Hospital,Steven Ablon, MD,Psychiatrist
Massachusetts General Hospital,Diane Abraczinskas, MD,Gastroenterologist
Massachusetts General Hospital,Emily Aaronson, MD,not available
Massachusetts General Hospital,Matthew Abadir, MD,"not available,not available"
Massachusetts General Hospital,Lauren Abbate, MD,Primary Care Physician
Massachusetts General Hospital,Gerald Abbott, MD,Radiologist
Massachusetts General Hospital,Shadi Abdar Esfahani," MD, MPH",Radiologist
Massachusetts General Hospital,Dunia Abdul-Aziz, MD,
Massachusetts General Hospital,Sama Abdul-Aziz, DMD,not available
Massachusetts General Hospital,John Ablon, PhD,not available
Massachusetts General Hospital,Steven Ablon, MD,Psychiatrist
Massachusetts General Hospital,Diane Abraczinskas, MD,Gastroenterologist
Massachusetts General Hospital,Emily Aaronson, MD,not available
Massachusetts General Hospital,Matthew Abadir, MD,"not available,not available"
Massachusetts General Hospital,Lauren Abbate, MD,Primary Care Physician
Massachusetts General Hospital,Gerald Abbott, MD,Radiologist
Massachusetts General Hospital,Shadi Abdar Esfahani," MD, MPH",Radiologist
Massachusetts General Hospital,Dunia Abdul-Aziz, MD,
Massachusetts General Hospital,Sama Abdul-Aziz, DMD,not available
Massachusetts General Hospital,John Ablon, PhD,not available
Massachusetts General Hospital,Steven Ablon, MD,Psychiatrist
Massachusetts General Hospital,Diane Abraczinskas, MD,Gastroenterologist
Massachusetts General Hospital,Emily Aaronson, MD,not available
Massachusetts General Hospital,Matthew Abadir, MD,"not available,not available"
Massachusetts General Hospital,Lauren Abbate, MD,Primary Care Physician
Massachusetts General Hospital,Gerald Abbott, MD,Radiologist
Massachusetts General Hospital,Shadi Abdar Esfahani," MD, MPH",Radiologist
Massachusetts General Hospital,Dunia Abdul-Aziz, MD,
Massachusetts General Hospital,Sama Abdul-Aziz, DMD,not available
Massachusetts General Hospital,John Ablon, PhD,not available
Massachusetts General Hospital,Steven Ablon, MD,Psychiatrist
Massachusetts General Hospital,Diane Abraczinskas, MD,Gastroenterologist
Massachusetts General Hospital,Emily Aaronson, MD,not available
Massachusetts General Hospital,Matthew Abadir, MD,"not available,not available"
Massachusetts General Hospital,Lauren Abbate, MD,Primary Care Physician
Massachusetts General Hospital,Gerald Abbott, MD,Radiologist
Massachusetts General Hospital,Shadi Abdar Esfahani," MD, MPH",Radiologist
Massachusetts General Hospital,Dunia Abdul-Aziz, MD,
Massachusetts General Hospital,Sama Abdul-Aziz, DMD,not available
Massachusetts General Hospital,John Ablon, PhD,not available
Massachusetts General Hospital,Steven Ablon, MD,Psychiatrist
Massachusetts General Hospital,Diane Abraczinskas, MD,Gastroenterologist
Massachusetts General Hospital,Emily Aaronson, MD,not available
Massachusetts General Hospital,Matthew Abadir, MD,"not available,not available"
Massachusetts General Hospital,Lauren Abbate, MD,Primary Care Physician
Massachusetts General Hospital,Gerald Abbott, MD,Radiologist
Massachusetts General Hospital,Shadi Abdar Esfahani," MD, MPH",Radiologist
Massachusetts General Hospital,Dunia Abdul-Aziz, MD,
Massachusetts General Hospital,Sama Abdul-Aziz, DMD,not available
Massachusetts General Hospital,John Ablon, PhD,not available
Massachusetts General Hospital,Steven Ablon, MD,Psychiatrist
Massachusetts General Hospital,Diane Abraczinskas, MD,Gastroenterologist
Massachusetts General Hospital,Emily Aaronson, MD,not available
Massachusetts General Hospital,Matthew Abadir, MD,"not available,not available"
Massachusetts General Hospital,Lauren Abbate, MD,Primary Care Physician
Massachusetts General Hospital,Gerald Abbott, MD,Radiologist
Massachusetts General Hospital,Shadi Abdar Esfahani," MD, MPH",Radiologist
Massachusetts General Hospital,Dunia Abdul-Aziz, MD,
Massachusetts General Hospital,Sama Abdul-Aziz, DMD,not available
Massachusetts General Hospital,John Ablon, PhD,not available
Massachusetts General Hospital,Steven Ablon, MD,Psychiatrist
Massachusetts General Hospital,Diane Abraczinskas, MD,Gastroenterologist
Massachusetts General Hospital,Emily Aaronson, MD,not available
Massachusetts General Hospital,Matthew Abadir, MD,"not available,not available"
Massachusetts General Hospital,Lauren Abbate, MD,Primary Care Physician
Massachusetts General Hospital,Gerald Abbott, MD,Radiologist
Massachusetts General Hospital,Shadi Abdar Esfahani," MD, MPH",Radiologist
Massachusetts General Hospital,Dunia Abdul-Aziz, MD,
Massachusetts General Hospital,Sama Abdul-Aziz, DMD,not available
Massachusetts General Hospital,John Ablon, PhD,not available
Massachusetts General Hospital,Steven Ablon, MD,Psychiatrist
Massachusetts General Hospital,Diane Abraczinskas, MD,Gastroenterologist
Massachusetts General Hospital,Emily Aaronson, MD,not available
Massachusetts General Hospital,Matthew Abadir, MD,"not available,not available"
Massachusetts General Hospital,Lauren Abbate, MD,Primary Care Physician
Massachusetts General Hospital,Gerald Abbott, MD,Radiologist
Massachusetts General Hospital,Shadi Abdar Esfahani," MD, MPH",Radiologist
Massachusetts General Hospital,Dunia Abdul-Aziz, MD,
Massachusetts General Hospital,Sama Abdul-Aziz, DMD,not available
Massachusetts General Hospital,John Ablon, PhD,not available
Massachusetts General Hospital,Steven Ablon, MD,Psychiatrist
Massachusetts General Hospital,Diane Abraczinskas, MD,Gastroenterologist
Massachusetts General Hospital,Emily Aaronson, MD,not available
Massachusetts General Hospital,Matthew Abadir, MD,"not available,not available"
Massachusetts General Hospital,Lauren Abbate, MD,Primary Care Physician
Massachusetts General Hospital,Gerald Abbott, MD,Radiologist
Massachusetts General Hospital,Shadi Abdar Esfahani," MD, MPH",Radiologist
Massachusetts General Hospital,Dunia Abdul-Aziz, MD,
Massachusetts General Hospital,Sama Abdul-Aziz, DMD,not available
Massachusetts General Hospital,John Ablon, PhD,not available
Massachusetts General Hospital,Steven Ablon, MD,Psychiatrist
Massachusetts General Hospital,Diane Abraczinskas, MD,Gastroenterologist
Massachusetts General Hospital,Emily Aaronson, MD,not available
Massachusetts General Hospital,Matthew Abadir, MD,"not available,not available"
Massachusetts General Hospital,Lauren Abbate, MD,Primary Care Physician
Massachusetts General Hospital,Gerald Abbott, MD,Radiologist
Massachusetts General Hospital,Shadi Abdar Esfahani," MD, MPH",Radiologist
Massachusetts General Hospital,Dunia Abdul-Aziz, MD,
Massachusetts General Hospital,Sama Abdul-Aziz, DMD,not available
Massachusetts General Hospital,John Ablon, PhD,not available
Massachusetts General Hospital,Steven Ablon, MD,Psychiatrist
Massachusetts General Hospital,Diane Abraczinskas, MD,Gastroenterologist
Massachusetts General Hospital,Emily Aaronson, MD,not available
Massachusetts General Hospital,Matthew Abadir, MD,"not available,not available"
Massachusetts General Hospital,Lauren Abbate, MD,Primary Care Physician
Massachusetts General Hospital,Gerald Abbott, MD,Radiologist
Massachusetts General Hospital,Shadi Abdar Esfahani," MD, MPH",Radiologist
Massachusetts General Hospital,Dunia Abdul-Aziz, MD,
Massachusetts General Hospital,Sama Abdul-Aziz, DMD,not available
Massachusetts General Hospital,John Ablon, PhD,not available
Massachusetts General Hospital,Steven Ablon, MD,Psychiatrist
Massachusetts General Hospital,Diane Abraczinskas, MD,Gastroenterologist
Massachusetts General Hospital,Emily Aaronson, MD,not available
Massachusetts General Hospital,Matthew Abadir, MD,"not available,not available"
Massachusetts General Hospital,Lauren Abbate, MD,Primary Care Physician
Massachusetts General Hospital,Gerald Abbott, MD,Radiologist
Massachusetts General Hospital,Shadi Abdar Esfahani," MD, MPH",Radiologist
Massachusetts General Hospital,Dunia Abdul-Aziz, MD,
Massachusetts General Hospital,Sama Abdul-Aziz, DMD,not available
Massachusetts General Hospital,John Ablon, PhD,not available
Massachusetts General Hospital,Steven Ablon, MD,Psychiatrist
Massachusetts General Hospital,Diane Abraczinskas, MD,Gastroenterologist
Massachusetts General Hospital,Emily Aaronson, MD,not available
Massachusetts General Hospital,Matthew Abadir, MD,"not available,not available"
Massachusetts General Hospital,Lauren Abbate, MD,Primary Care Physician
Massachusetts General Hospital,Gerald Abbott, MD,Radiologist
Massachusetts General Hospital,Shadi Abdar Esfahani," MD, MPH",Radiologist
Massachusetts General Hospital,Dunia Abdul-Aziz, MD,
Massachusetts General Hospital,Sama Abdul-Aziz, DMD,not available
Massachusetts General Hospital,John Ablon, PhD,not available
Massachusetts General Hospital,Steven Ablon, MD,Psychiatrist
Massachusetts General Hospital,Diane Abraczinskas, MD,Gastroenterologist
Massachusetts General Hospital,Emily Aaronson, MD,not available
Massachusetts General Hospital,Matthew Abadir, MD,"not available,not available"
Massachusetts General Hospital,Lauren Abbate, MD,Primary Care Physician
Massachusetts General Hospital,Gerald Abbott, MD,Radiologist
Massachusetts General Hospital,Shadi Abdar Esfahani," MD, MPH",Radiologist
Massachusetts General Hospital,Dunia Abdul-Aziz, MD,
Massachusetts General Hospital,Sama Abdul-Aziz, DMD,not available
Massachusetts General Hospital,John Ablon, PhD,not available
Massachusetts General Hospital,Steven Ablon, MD,Psychiatrist
Massachusetts General Hospital,Diane Abraczinskas, MD,Gastroenterologist
Massachusetts General Hospital,Emily Aaronson, MD,not available
Massachusetts General Hospital,Matthew Abadir, MD,"not available,not available"
Massachusetts General Hospital,Lauren Abbate, MD,Primary Care Physician
Massachusetts General Hospital,Gerald Abbott, MD,Radiologist
Massachusetts General Hospital,Shadi Abdar Esfahani," MD, MPH",Radiologist
Massachusetts General Hospital,Dunia Abdul-Aziz, MD,
Massachusetts General Hospital,Sama Abdul-Aziz, DMD,not available
Massachusetts General Hospital,John Ablon, PhD,not available
Massachusetts General Hospital,Steven Ablon, MD,Psychiatrist
Massachusetts General Hospital,Diane Abraczinskas, MD,Gastroenterologist
Massachusetts General Hospital,Emily Aaronson, MD,not available
Massachusetts General Hospital,Matthew Abadir, MD,"not available,not available"
Massachusetts General Hospital,Lauren Abbate, MD,Primary Care Physician
Massachusetts General Hospital,Gerald Abbott, MD,Radiologist
Massachusetts General Hospital,Shadi Abdar Esfahani," MD, MPH",Radiologist
Massachusetts General Hospital,Dunia Abdul-Aziz, MD,
Massachusetts General Hospital,Sama Abdul-Aziz, DMD,not available
Massachusetts General Hospital,John Ablon, PhD,not available
Massachusetts General Hospital,Steven Ablon, MD,Psychiatrist
Massachusetts General Hospital,Diane Abraczinskas, MD,Gastroenterologist
Massachusetts General Hospital,Emily Aaronson, MD,not available
Massachusetts General Hospital,Matthew Abadir, MD,"not available,not available"
Massachusetts General Hospital,Lauren Abbate, MD,Primary Care Physician
Massachusetts General Hospital,Gerald Abbott, MD,Radiologist
Massachusetts General Hospital,Shadi Abdar Esfahani," MD, MPH",Radiologist
Massachusetts General Hospital,Dunia Abdul-Aziz, MD,
Massachusetts General Hospital,Sama Abdul-Aziz, DMD,not available
Massachusetts General Hospital,John Ablon, PhD,not available
Massachusetts General Hospital,Steven Ablon, MD,Psychiatrist
Massachusetts General Hospital,Diane Abraczinskas, MD,Gastroenterologist
Massachusetts General Hospital,Emily Aaronson, MD,not available
Massachusetts General Hospital,Matthew Abadir, MD,"not available,not available"
Massachusetts General Hospital,Lauren Abbate, MD,Primary Care Physician
Massachusetts General Hospital,Gerald Abbott, MD,Radiologist
Massachusetts General Hospital,Shadi Abdar Esfahani," MD, MPH",Radiologist
Massachusetts General Hospital,Dunia Abdul-Aziz, MD,
Massachusetts General Hospital,Sama Abdul-Aziz, DMD,not available
Massachusetts General Hospital,John Ablon, PhD,not available
Massachusetts General Hospital,Steven Ablon, MD,Psychiatrist
Massachusetts General Hospital,Diane Abraczinskas, MD,Gastroenterologist
Massachusetts General Hospital,Emily Aaronson, MD,not available
Massachusetts General Hospital,Matthew Abadir, MD,"not available,not available"
Massachusetts General Hospital,Lauren Abbate, MD,Primary Care Physician
Massachusetts General Hospital,Gerald Abbott, MD,Radiologist
Massachusetts General Hospital,Shadi Abdar Esfahani," MD, MPH",Radiologist
Massachusetts General Hospital,Dunia Abdul-Aziz, MD,
Massachusetts General Hospital,Sama Abdul-Aziz, DMD,not available
Massachusetts General Hospital,John Ablon, PhD,not available
Massachusetts General Hospital,Steven Ablon, MD,Psychiatrist
Massachusetts General Hospital,Diane Abraczinskas, MD,Gastroenterologist
Massachusetts General Hospital,Emily Aaronson, MD,not available
Massachusetts General Hospital,Matthew Abadir, MD,"not available,not available"
Massachusetts General Hospital,Lauren Abbate, MD,Primary Care Physician
Massachusetts General Hospital,Gerald Abbott, MD,Radiologist
Massachusetts General Hospital,Shadi Abdar Esfahani," MD, MPH",Radiologist
Massachusetts General Hospital,Dunia Abdul-Aziz, MD,
Massachusetts General Hospital,Sama Abdul-Aziz, DMD,not available
Massachusetts General Hospital,John Ablon, PhD,not available
Massachusetts General Hospital,Steven Ablon, MD,Psychiatrist
Massachusetts General Hospital,Diane Abraczinskas, MD,Gastroenterologist
Massachusetts General Hospital,Emily Aaronson, MD,not available
Massachusetts General Hospital,Matthew Abadir, MD,"not available,not available"
Massachusetts General Hospital,Lauren Abbate, MD,Primary Care Physician
Massachusetts General Hospital,Gerald Abbott, MD,Radiologist
Massachusetts General Hospital,Shadi Abdar Esfahani," MD, MPH",Radiologist
Massachusetts General Hospital,Dunia Abdul-Aziz, MD,
Massachusetts General Hospital,Sama Abdul-Aziz, DMD,not available
Massachusetts General Hospital,John Ablon, PhD,not available
Massachusetts General Hospital,Steven Ablon, MD,Psychiatrist
Massachusetts General Hospital,Diane Abraczinskas, MD,Gastroenterologist
Massachusetts General Hospital,Emily Aaronson, MD,not available
Massachusetts General Hospital,Matthew Abadir, MD,"not available,not available"
Massachusetts General Hospital,Lauren Abbate, MD,Primary Care Physician
Massachusetts General Hospital,Gerald Abbott, MD,Radiologist
Massachusetts General Hospital,Shadi Abdar Esfahani," MD, MPH",Radiologist
Massachusetts General Hospital,Dunia Abdul-Aziz, MD,
Massachusetts General Hospital,Sama Abdul-Aziz, DMD,not available
Massachusetts General Hospital,John Ablon, PhD,not available
Massachusetts General Hospital,Steven Ablon, MD,Psychiatrist
Massachusetts General Hospital,Diane Abraczinskas, MD,Gastroenterologist
Massachusetts General Hospital,Emily Aaronson, MD,not available
Massachusetts General Hospital,Matthew Abadir, MD,"not available,not available"
Massachusetts General Hospital,Lauren Abbate, MD,Primary Care Physician
Massachusetts General Hospital,Gerald Abbott, MD,Radiologist
Massachusetts General Hospital,Shadi Abdar Esfahani," MD, MPH",Radiologist
Massachusetts General Hospital,Dunia Abdul-Aziz, MD,
Massachusetts General Hospital,Sama Abdul-Aziz, DMD,not available
Massachusetts General Hospital,John Ablon, PhD,not available
Massachusetts General Hospital,Steven Ablon, MD,Psychiatrist
Massachusetts General Hospital,Diane Abraczinskas, MD,Gastroenterologist
Massachusetts General Hospital,Emily Aaronson, MD,not available
Massachusetts General Hospital,Matthew Abadir, MD,"not available,not available"
Massachusetts General Hospital,Lauren Abbate, MD,Primary Care Physician
Massachusetts General Hospital,Gerald Abbott, MD,Radiologist
Massachusetts General Hospital,Shadi Abdar Esfahani," MD, MPH",Radiologist
Massachusetts General Hospital,Dunia Abdul-Aziz, MD,
Massachusetts General Hospital,Sama Abdul-Aziz, DMD,not available
Massachusetts General Hospital,John Ablon, PhD,not available
Massachusetts General Hospital,Steven Ablon, MD,Psychiatrist
Massachusetts General Hospital,Diane Abraczinskas, MD,Gastroenterologist
Massachusetts General Hospital,Emily Aaronson, MD,not available
Massachusetts General Hospital,Matthew Abadir, MD,"not available,not available"
Massachusetts General Hospital,Lauren Abbate, MD,Primary Care Physician
Massachusetts General Hospital,Gerald Abbott, MD,Radiologist
Massachusetts General Hospital,Shadi Abdar Esfahani," MD, MPH",Radiologist
Massachusetts General Hospital,Dunia Abdul-Aziz, MD,
Massachusetts General Hospital,Sama Abdul-Aziz, DMD,not available
Massachusetts General Hospital,John Ablon, PhD,not available
Massachusetts General Hospital,Steven Ablon, MD,Psychiatrist
Massachusetts General Hospital,Diane Abraczinskas, MD,Gastroenterologist
Massachusetts General Hospital,Emily Aaronson, MD,not available
Massachusetts General Hospital,Matthew Abadir, MD,"not available,not available"
Massachusetts General Hospital,Lauren Abbate, MD,Primary Care Physician
Massachusetts General Hospital,Gerald Abbott, MD,Radiologist
Massachusetts General Hospital,Shadi Abdar Esfahani," MD, MPH",Radiologist
Massachusetts General Hospital,Dunia Abdul-Aziz, MD,
Massachusetts General Hospital,Sama Abdul-Aziz, DMD,not available
Massachusetts General Hospital,John Ablon, PhD,not available
Massachusetts General Hospital,Steven Ablon, MD,Psychiatrist
Massachusetts General Hospital,Diane Abraczinskas, MD,Gastroenterologist
Massachusetts General Hospital,Emily Aaronson, MD,not available
Massachusetts General Hospital,Matthew Abadir, MD,"not available,not available"
Massachusetts General Hospital,Lauren Abbate, MD,Primary Care Physician
Massachusetts General Hospital,Gerald Abbott, MD,Radiologist
Massachusetts General Hospital,Shadi Abdar Esfahani," MD, MPH",Radiologist
Massachusetts General Hospital,Dunia Abdul-Aziz, MD,
Massachusetts General Hospital,Sama Abdul-Aziz, DMD,not available
Massachusetts General Hospital,John Ablon, PhD,not available
Massachusetts General Hospital,Steven Ablon, MD,Psychiatrist
Massachusetts General Hospital,Diane Abraczinskas, MD,Gastroenterologist
Massachusetts General Hospital,Emily Aaronson, MD,not available
Massachusetts General Hospital,Matthew Abadir, MD,"not available,not available"
Massachusetts General Hospital,Lauren Abbate, MD,Primary Care Physician
Massachusetts General Hospital,Gerald Abbott, MD,Radiologist
Massachusetts General Hospital,Shadi Abdar Esfahani," MD, MPH",Radiologist
Massachusetts General Hospital,Dunia Abdul-Aziz, MD,
Massachusetts General Hospital,Sama Abdul-Aziz, DMD,not available
Massachusetts General Hospital,John Ablon, PhD,not available
Massachusetts General Hospital,Steven Ablon, MD,Psychiatrist
Massachusetts General Hospital,Diane Abraczinskas, MD,Gastroenterologist
Massachusetts General Hospital,Emily Aaronson, MD,not available
Massachusetts General Hospital,Matthew Abadir, MD,"not available,not available"
Massachusetts General Hospital,Lauren Abbate, MD,Primary Care Physician
Massachusetts General Hospital,Gerald Abbott, MD,Radiologist
Massachusetts General Hospital,Shadi Abdar Esfahani," MD, MPH",Radiologist
Massachusetts General Hospital,Dunia Abdul-Aziz, MD,
Massachusetts General Hospital,Sama Abdul-Aziz, DMD,not available
Massachusetts General Hospital,John Ablon, PhD,not available
Massachusetts General Hospital,Steven Ablon, MD,Psychiatrist
Massachusetts General Hospital,Diane Abraczinskas, MD,Gastroenterologist
Massachusetts General Hospital,Emily Aaronson, MD,not available
Massachusetts General Hospital,Matthew Abadir, MD,"not available,not available"
Massachusetts General Hospital,Lauren Abbate, MD,Primary Care Physician
Massachusetts General Hospital,Gerald Abbott, MD,Radiologist
Massachusetts General Hospital,Shadi Abdar Esfahani," MD, MPH",Radiologist
Massachusetts General Hospital,Dunia Abdul-Aziz, MD,
Massachusetts General Hospital,Sama Abdul-Aziz, DMD,not available
Massachusetts General Hospital,John Ablon, PhD,not available
Massachusetts General Hospital,Steven Ablon, MD,Psychiatrist
Massachusetts General Hospital,Diane Abraczinskas, MD,Gastroenterologist
Massachusetts General Hospital,Emily Aaronson, MD,not available
Massachusetts General Hospital,Matthew Abadir, MD,"not available,not available"
Massachusetts General Hospital,Lauren Abbate, MD,Primary Care Physician
Massachusetts General Hospital,Gerald Abbott, MD,Radiologist
Massachusetts General Hospital,Shadi Abdar Esfahani," MD, MPH",Radiologist
Massachusetts General Hospital,Dunia Abdul-Aziz, MD,
Massachusetts General Hospital,Sama Abdul-Aziz, DMD,not available
Massachusetts General Hospital,John Ablon, PhD,not available
Massachusetts General Hospital,Steven Ablon, MD,Psychiatrist
Massachusetts General Hospital,Diane Abraczinskas, MD,Gastroenterologist
Massachusetts General Hospital,Emily Aaronson, MD,not available
Massachusetts General Hospital,Matthew Abadir, MD,"not available,not available"
Massachusetts General Hospital,Lauren Abbate, MD,Primary Care Physician
Massachusetts General Hospital,Gerald Abbott, MD,Radiologist
Massachusetts General Hospital,Shadi Abdar Esfahani," MD, MPH",Radiologist
Massachusetts General Hospital,Dunia Abdul-Aziz, MD,
Massachusetts General Hospital,Sama Abdul-Aziz, DMD,not available
Massachusetts General Hospital,John Ablon, PhD,not available
Massachusetts General Hospital,Steven Ablon, MD,Psychiatrist
Massachusetts General Hospital,Diane Abraczinskas, MD,Gastroenterologist
Massachusetts General Hospital,Emily Aaronson, MD,not available
Massachusetts General Hospital,Matthew Abadir, MD,"not available,not available"
Massachusetts General Hospital,Lauren Abbate, MD,Primary Care Physician
Massachusetts General Hospital,Gerald Abbott, MD,Radiologist
Massachusetts General Hospital,Shadi Abdar Esfahani," MD, MPH",Radiologist
Massachusetts General Hospital,Dunia Abdul-Aziz, MD,
Massachusetts General Hospital,Sama Abdul-Aziz, DMD,not available
Massachusetts General Hospital,John Ablon, PhD,not available
Massachusetts General Hospital,Steven Ablon, MD,Psychiatrist
Massachusetts General Hospital,Diane Abraczinskas, MD,Gastroenterologist
Massachusetts General Hospital,Emily Aaronson, MD,not available
Massachusetts General Hospital,Matthew Abadir, MD,"not available,not available"
Massachusetts General Hospital,Lauren Abbate, MD,Primary Care Physician
Massachusetts General Hospital,Gerald Abbott, MD,Radiologist
Massachusetts General Hospital,Shadi Abdar Esfahani," MD, MPH",Radiologist
Massachusetts General Hospital,Dunia Abdul-Aziz, MD,
Massachusetts General Hospital,Sama Abdul-Aziz, DMD,not available
Massachusetts General Hospital,John Ablon, PhD,not available
Massachusetts General Hospital,Steven Ablon, MD,Psychiatrist
Massachusetts General Hospital,Diane Abraczinskas, MD,Gastroenterologist
Massachusetts General Hospital,Emily Aaronson, MD,not available
Massachusetts General Hospital,Matthew Abadir, MD,"not available,not available"
Massachusetts General Hospital,Lauren Abbate, MD,Primary Care Physician
Massachusetts General Hospital,Gerald Abbott, MD,Radiologist
Massachusetts General Hospital,Shadi Abdar Esfahani," MD, MPH",Radiologist
Massachusetts General Hospital,Dunia Abdul-Aziz, MD,
Massachusetts General Hospital,Sama Abdul-Aziz, DMD,not available
Massachusetts General Hospital,John Ablon, PhD,not available
Massachusetts General Hospital,Steven Ablon, MD,Psychiatrist
Massachusetts General Hospital,Diane Abraczinskas, MD,Gastroenterologist
Massachusetts General Hospital,Emily Aaronson, MD,not available
Massachusetts General Hospital,Matthew Abadir, MD,"not available,not available"
Massachusetts General Hospital,Lauren Abbate, MD,Primary Care Physician
Massachusetts General Hospital,Gerald Abbott, MD,Radiologist
Massachusetts General Hospital,Shadi Abdar Esfahani," MD, MPH",Radiologist
Massachusetts General Hospital,Dunia Abdul-Aziz, MD,
Massachusetts General Hospital,Sama Abdul-Aziz, DMD,not available
Massachusetts General Hospital,John Ablon, PhD,not available
Massachusetts General Hospital,Steven Ablon, MD,Psychiatrist
Massachusetts General Hospital,Diane Abraczinskas, MD,Gastroenterologist
Massachusetts General Hospital,Emily Aaronson, MD,not available
Massachusetts General Hospital,Matthew Abadir, MD,"not available,not available"
Massachusetts General Hospital,Lauren Abbate, MD,Primary Care Physician
Massachusetts General Hospital,Gerald Abbott, MD,Radiologist
Massachusetts General Hospital,Shadi Abdar Esfahani," MD, MPH",Radiologist
Massachusetts General Hospital,Dunia Abdul-Aziz, MD,
Massachusetts General Hospital,Sama Abdul-Aziz, DMD,not available
Massachusetts General Hospital,John Ablon, PhD,not available
Massachusetts General Hospital,Steven Ablon, MD,Psychiatrist
Massachusetts General Hospital,Diane Abraczinskas, MD,Gastroenterologist
Massachusetts General Hospital,Emily Aaronson, MD,not available
Massachusetts General Hospital,Matthew Abadir, MD,"not available,not available"
Massachusetts General Hospital,Lauren Abbate, MD,Primary Care Physician
Massachusetts General Hospital,Gerald Abbott, MD,Radiologist
Massachusetts General Hospital,Shadi Abdar Esfahani," MD, MPH",Radiologist
Massachusetts General Hospital,Dunia Abdul-Aziz, MD,
Massachusetts General Hospital,Sama Abdul-Aziz, DMD,not available
Massachusetts General Hospital,John Ablon, PhD,not available
Massachusetts General Hospital,Steven Ablon, MD,Psychiatrist
Massachusetts General Hospital,Diane Abraczinskas, MD,Gastroenterologist
Massachusetts General Hospital,Emily Aaronson, MD,not available
Massachusetts General Hospital,Matthew Abadir, MD,"not available,not available"
Massachusetts General Hospital,Lauren Abbate, MD,Primary Care Physician
Massachusetts General Hospital,Gerald Abbott, MD,Radiologist
Massachusetts General Hospital,Shadi Abdar Esfahani," MD, MPH",Radiologist
Massachusetts General Hospital,Dunia Abdul-Aziz, MD,
Massachusetts General Hospital,Sama Abdul-Aziz, DMD,not available
Massachusetts General Hospital,John Ablon, PhD,not available
Massachusetts General Hospital,Steven Ablon, MD,Psychiatrist
Massachusetts General Hospital,Diane Abraczinskas, MD,Gastroenterologist
Massachusetts General Hospital,Emily Aaronson, MD,not available
Massachusetts General Hospital,Matthew Abadir, MD,"not available,not available"
Massachusetts General Hospital,Lauren Abbate, MD,Primary Care Physician
Massachusetts General Hospital,Gerald Abbott, MD,Radiologist
Massachusetts General Hospital,Shadi Abdar Esfahani," MD, MPH",Radiologist
Massachusetts General Hospital,Dunia Abdul-Aziz, MD,
Massachusetts General Hospital,Sama Abdul-Aziz, DMD,not available
Massachusetts General Hospital,John Ablon, PhD,not available
Massachusetts General Hospital,Steven Ablon, MD,Psychiatrist
Massachusetts General Hospital,Diane Abraczinskas, MD,Gastroenterologist
Massachusetts General Hospital,Emily Aaronson, MD,not available
Massachusetts General Hospital,Matthew Abadir, MD,"not available,not available"
Massachusetts General Hospital,Lauren Abbate, MD,Primary Care Physician
Massachusetts General Hospital,Gerald Abbott, MD,Radiologist
Massachusetts General Hospital,Shadi Abdar Esfahani," MD, MPH",Radiologist
Massachusetts General Hospital,Dunia Abdul-Aziz, MD,
Massachusetts General Hospital,Sama Abdul-Aziz, DMD,not available
Massachusetts General Hospital,John Ablon, PhD,not available
Massachusetts General Hospital,Steven Ablon, MD,Psychiatrist
Massachusetts General Hospital,Diane Abraczinskas, MD,Gastroenterologist
Massachusetts General Hospital,Emily Aaronson, MD,not available
Massachusetts General Hospital,Matthew Abadir, MD,"not available,not available"
Massachusetts General Hospital,Lauren Abbate, MD,Primary Care Physician
Massachusetts General Hospital,Gerald Abbott, MD,Radiologist
Massachusetts General Hospital,Shadi Abdar Esfahani," MD, MPH",Radiologist
Massachusetts General Hospital,Dunia Abdul-Aziz, MD,
Massachusetts General Hospital,Sama Abdul-Aziz, DMD,not available
Massachusetts General Hospital,John Ablon, PhD,not available
Massachusetts General Hospital,Steven Ablon, MD,Psychiatrist
Massachusetts General Hospital,Diane Abraczinskas, MD,Gastroenterologist
Massachusetts General Hospital,Emily Aaronson, MD,not available
Massachusetts General Hospital,Matthew Abadir, MD,"not available,not available"
Massachusetts General Hospital,Lauren Abbate, MD,Primary Care Physician
Massachusetts General Hospital,Gerald Abbott, MD,Radiologist
Massachusetts General Hospital,Shadi Abdar Esfahani," MD, MPH",Radiologist
Massachusetts General Hospital,Dunia Abdul-Aziz, MD,
Massachusetts General Hospital,Sama Abdul-Aziz, DMD,not available
Massachusetts General Hospital,John Ablon, PhD,not available
Massachusetts General Hospital,Steven Ablon, MD,Psychiatrist
Massachusetts General Hospital,Diane Abraczinskas, MD,Gastroenterologist
Massachusetts General Hospital,Emily Aaronson, MD,not available
Massachusetts General Hospital,Matthew Abadir, MD,"not available,not available"
Massachusetts General Hospital,Lauren Abbate, MD,Primary Care Physician
Massachusetts General Hospital,Gerald Abbott, MD,Radiologist
Massachusetts General Hospital,Shadi Abdar Esfahani," MD, MPH",Radiologist
Massachusetts General Hospital,Dunia Abdul-Aziz, MD,
Massachusetts General Hospital,Sama Abdul-Aziz, DMD,not available
Massachusetts General Hospital,John Ablon, PhD,not available
Massachusetts General Hospital,Steven Ablon, MD,Psychiatrist
Massachusetts General Hospital,Diane Abraczinskas, MD,Gastroenterologist
Massachusetts General Hospital,Emily Aaronson, MD,not available
Massachusetts General Hospital,Matthew Abadir, MD,"not available,not available"
Massachusetts General Hospital,Lauren Abbate, MD,Primary Care Physician
Massachusetts General Hospital,Gerald Abbott, MD,Radiologist
Massachusetts General Hospital,Shadi Abdar Esfahani," MD, MPH",Radiologist
Massachusetts General Hospital,Dunia Abdul-Aziz, MD,
Massachusetts General Hospital,Sama Abdul-Aziz, DMD,not available
Massachusetts General Hospital,John Ablon, PhD,not available
Massachusetts General Hospital,Steven Ablon, MD,Psychiatrist
Massachusetts General Hospital,Diane Abraczinskas, MD,Gastroenterologist
Massachusetts General Hospital,Emily Aaronson, MD,not available
Massachusetts General Hospital,Matthew Abadir, MD,"not available,not available"
Massachusetts General Hospital,Lauren Abbate, MD,Primary Care Physician
Massachusetts General Hospital,Gerald Abbott, MD,Radiologist
Massachusetts General Hospital,Shadi Abdar Esfahani," MD, MPH",Radiologist
Massachusetts General Hospital,Dunia Abdul-Aziz, MD,
Massachusetts General Hospital,Sama Abdul-Aziz, DMD,not available
Massachusetts General Hospital,John Ablon, PhD,not available
Massachusetts General Hospital,Steven Ablon, MD,Psychiatrist
Massachusetts General Hospital,Diane Abraczinskas, MD,Gastroenterologist
Massachusetts General Hospital,Emily Aaronson, MD,not available
Massachusetts General Hospital,Matthew Abadir, MD,"not available,not available"
Massachusetts General Hospital,Lauren Abbate, MD,Primary Care Physician
Massachusetts General Hospital,Gerald Abbott, MD,Radiologist
Massachusetts General Hospital,Shadi Abdar Esfahani," MD, MPH",Radiologist
Massachusetts General Hospital,Dunia Abdul-Aziz, MD,
Massachusetts General Hospital,Sama Abdul-Aziz, DMD,not available
Massachusetts General Hospital,John Ablon, PhD,not available
Massachusetts General Hospital,Steven Ablon, MD,Psychiatrist
Massachusetts General Hospital,Diane Abraczinskas, MD,Gastroenterologist
Massachusetts General Hospital,Emily Aaronson, MD,not available
Massachusetts General Hospital,Matthew Abadir, MD,"not available,not available"
Massachusetts General Hospital,Lauren Abbate, MD,Primary Care Physician
Massachusetts General Hospital,Gerald Abbott, MD,Radiologist
Massachusetts General Hospital,Shadi Abdar Esfahani," MD, MPH",Radiologist
Massachusetts General Hospital,Dunia Abdul-Aziz, MD,
Massachusetts General Hospital,Sama Abdul-Aziz, DMD,not available
Massachusetts General Hospital,John Ablon, PhD,not available
Massachusetts General Hospital,Steven Ablon, MD,Psychiatrist
Massachusetts General Hospital,Diane Abraczinskas, MD,Gastroenterologist
Massachusetts General Hospital,Emily Aaronson, MD,not available
Massachusetts General Hospital,Matthew Abadir, MD,"not available,not available"
Massachusetts General Hospital,Lauren Abbate, MD,Primary Care Physician
Massachusetts General Hospital,Gerald Abbott, MD,Radiologist
Massachusetts General Hospital,Shadi Abdar Esfahani," MD, MPH",Radiologist
Massachusetts General Hospital,Dunia Abdul-Aziz, MD,
Massachusetts General Hospital,Sama Abdul-Aziz, DMD,not available
Massachusetts General Hospital,John Ablon, PhD,not available
Massachusetts General Hospital,Steven Ablon, MD,Psychiatrist
Massachusetts General Hospital,Diane Abraczinskas, MD,Gastroenterologist
Massachusetts General Hospital,Emily Aaronson, MD,not available
Massachusetts General Hospital,Matthew Abadir, MD,"not available,not available"
Massachusetts General Hospital,Lauren Abbate, MD,Primary Care Physician
Massachusetts General Hospital,Gerald Abbott, MD,Radiologist
Massachusetts General Hospital,Shadi Abdar Esfahani," MD, MPH",Radiologist
Massachusetts General Hospital,Dunia Abdul-Aziz, MD,
Massachusetts General Hospital,Sama Abdul-Aziz, DMD,not available
Massachusetts General Hospital,John Ablon, PhD,not available
Massachusetts General Hospital,Steven Ablon, MD,Psychiatrist
Massachusetts General Hospital,Diane Abraczinskas, MD,Gastroenterologist
Massachusetts General Hospital,Emily Aaronson, MD,not available
Massachusetts General Hospital,Matthew Abadir, MD,"not available,not available"
Massachusetts General Hospital,Lauren Abbate, MD,Primary Care Physician
Massachusetts General Hospital,Gerald Abbott, MD,Radiologist
Massachusetts General Hospital,Shadi Abdar Esfahani," MD, MPH",Radiologist
Massachusetts General Hospital,Dunia Abdul-Aziz, MD,
Massachusetts General Hospital,Sama Abdul-Aziz, DMD,not available
Massachusetts General Hospital,John Ablon, PhD,not available
Massachusetts General Hospital,Steven Ablon, MD,Psychiatrist
Massachusetts General Hospital,Diane Abraczinskas, MD,Gastroenterologist
Massachusetts General Hospital,Emily Aaronson, MD,not available
Massachusetts General Hospital,Matthew Abadir, MD,"not available,not available"
Massachusetts General Hospital,Lauren Abbate, MD,Primary Care Physician
Massachusetts General Hospital,Gerald Abbott, MD,Radiologist
Massachusetts General Hospital,Shadi Abdar Esfahani," MD, MPH",Radiologist
Massachusetts General Hospital,Dunia Abdul-Aziz, MD,
Massachusetts General Hospital,Sama Abdul-Aziz, DMD,not available
Massachusetts General Hospital,John Ablon, PhD,not available
Massachusetts General Hospital,Steven Ablon, MD,Psychiatrist
Massachusetts General Hospital,Diane Abraczinskas, MD,Gastroenterologist
Massachusetts General Hospital,Emily Aaronson, MD,not available
Massachusetts General Hospital,Matthew Abadir, MD,"not available,not available"
Massachusetts General Hospital,Lauren Abbate, MD,Primary Care Physician
Massachusetts General Hospital,Gerald Abbott, MD,Radiologist
Massachusetts General Hospital,Shadi Abdar Esfahani," MD, MPH",Radiologist
Massachusetts General Hospital,Dunia Abdul-Aziz, MD,
Massachusetts General Hospital,Sama Abdul-Aziz, DMD,not available
Massachusetts General Hospital,John Ablon, PhD,not available
Massachusetts General Hospital,Steven Ablon, MD,Psychiatrist
Massachusetts General Hospital,Diane Abraczinskas, MD,Gastroenterologist
Massachusetts General Hospital,Emily Aaronson, MD,not available
Massachusetts General Hospital,Matthew Abadir, MD,"not available,not available"
Massachusetts General Hospital,Lauren Abbate, MD,Primary Care Physician
Massachusetts General Hospital,Gerald Abbott, MD,Radiologist
Massachusetts General Hospital,Shadi Abdar Esfahani," MD, MPH",Radiologist
Massachusetts General Hospital,Dunia Abdul-Aziz, MD,
Massachusetts General Hospital,Sama Abdul-Aziz, DMD,not available
Massachusetts General Hospital,John Ablon, PhD,not available
Massachusetts General Hospital,Steven Ablon, MD,Psychiatrist
Massachusetts General Hospital,Diane Abraczinskas, MD,Gastroenterologist
Massachusetts General Hospital,Emily Aaronson, MD,not available
Massachusetts General Hospital,Matthew Abadir, MD,"not available,not available"
Massachusetts General Hospital,Lauren Abbate, MD,Primary Care Physician
Massachusetts General Hospital,Gerald Abbott, MD,Radiologist
Massachusetts General Hospital,Shadi Abdar Esfahani," MD, MPH",Radiologist
Massachusetts General Hospital,Dunia Abdul-Aziz, MD,
Massachusetts General Hospital,Sama Abdul-Aziz, DMD,not available
Massachusetts General Hospital,John Ablon, PhD,not available
Massachusetts General Hospital,Steven Ablon, MD,Psychiatrist
Massachusetts General Hospital,Diane Abraczinskas, MD,Gastroenterologist
Massachusetts General Hospital,Emily Aaronson, MD,not available
Massachusetts General Hospital,Matthew Abadir, MD,"not available,not available"
Massachusetts General Hospital,Lauren Abbate, MD,Primary Care Physician
Massachusetts General Hospital,Gerald Abbott, MD,Radiologist
Massachusetts General Hospital,Shadi Abdar Esfahani," MD, MPH",Radiologist
Massachusetts General Hospital,Dunia Abdul-Aziz, MD,
Massachusetts General Hospital,Sama Abdul-Aziz, DMD,not available
Massachusetts General Hospital,John Ablon, PhD,not available
Massachusetts General Hospital,Steven Ablon, MD,Psychiatrist
Massachusetts General Hospital,Diane Abraczinskas, MD,Gastroenterologist
Massachusetts General Hospital,Emily Aaronson, MD,not available
Massachusetts General Hospital,Matthew Abadir, MD,"not available,not available"
Massachusetts General Hospital,Lauren Abbate, MD,Primary Care Physician
Massachusetts General Hospital,Gerald Abbott, MD,Radiologist
Massachusetts General Hospital,Shadi Abdar Esfahani," MD, MPH",Radiologist
Massachusetts General Hospital,Dunia Abdul-Aziz, MD,
Massachusetts General Hospital,Sama Abdul-Aziz, DMD,not available
Massachusetts General Hospital,John Ablon, PhD,not available
Massachusetts General Hospital,Steven Ablon, MD,Psychiatrist
Massachusetts General Hospital,Diane Abraczinskas, MD,Gastroenterologist
Massachusetts General Hospital,Emily Aaronson, MD,not available
Massachusetts General Hospital,Matthew Abadir, MD,"not available,not available"
Massachusetts General Hospital,Lauren Abbate, MD,Primary Care Physician
Massachusetts General Hospital,Gerald Abbott, MD,Radiologist
Massachusetts General Hospital,Shadi Abdar Esfahani," MD, MPH",Radiologist
Massachusetts General Hospital,Dunia Abdul-Aziz, MD,
Massachusetts General Hospital,Sama Abdul-Aziz, DMD,not available
Massachusetts General Hospital,John Ablon, PhD,not available
Massachusetts General Hospital,Steven Ablon, MD,Psychiatrist
Massachusetts General Hospital,Diane Abraczinskas, MD,Gastroenterologist
Massachusetts General Hospital,Emily Aaronson, MD,not available
Massachusetts General Hospital,Matthew Abadir, MD,"not available,not available"
Massachusetts General Hospital,Lauren Abbate, MD,Primary Care Physician
Massachusetts General Hospital,Gerald Abbott, MD,Radiologist
Massachusetts General Hospital,Shadi Abdar Esfahani," MD, MPH",Radiologist
Massachusetts General Hospital,Dunia Abdul-Aziz, MD,
Massachusetts General Hospital,Sama Abdul-Aziz, DMD,not available
Massachusetts General Hospital,John Ablon, PhD,not available
Massachusetts General Hospital,Steven Ablon, MD,Psychiatrist
Massachusetts General Hospital,Diane Abraczinskas, MD,Gastroenterologist
Massachusetts General Hospital,Emily Aaronson, MD,not available
Massachusetts General Hospital,Matthew Abadir, MD,"not available,not available"
Massachusetts General Hospital,Lauren Abbate, MD,Primary Care Physician
Massachusetts General Hospital,Gerald Abbott, MD,Radiologist
Massachusetts General Hospital,Shadi Abdar Esfahani," MD, MPH",Radiologist
Massachusetts General Hospital,Dunia Abdul-Aziz, MD,
Massachusetts General Hospital,Sama Abdul-Aziz, DMD,not available
Massachusetts General Hospital,John Ablon, PhD,not available
Massachusetts General Hospital,Steven Ablon, MD,Psychiatrist
Massachusetts General Hospital,Diane Abraczinskas, MD,Gastroenterologist
Massachusetts General Hospital,Emily Aaronson, MD,not available
Massachusetts General Hospital,Matthew Abadir, MD,"not available,not available"
Massachusetts General Hospital,Lauren Abbate, MD,Primary Care Physician
Massachusetts General Hospital,Gerald Abbott, MD,Radiologist
Massachusetts General Hospital,Shadi Abdar Esfahani," MD, MPH",Radiologist
Massachusetts General Hospital,Dunia Abdul-Aziz, MD,
Massachusetts General Hospital,Sama Abdul-Aziz, DMD,not available
Massachusetts General Hospital,John Ablon, PhD,not available
Massachusetts General Hospital,Steven Ablon, MD,Psychiatrist
Massachusetts General Hospital,Diane Abraczinskas, MD,Gastroenterologist
Massachusetts General Hospital,Emily Aaronson, MD,not available
Massachusetts General Hospital,Matthew Abadir, MD,"not available,not available"
Massachusetts General Hospital,Lauren Abbate, MD,Primary Care Physician
Massachusetts General Hospital,Gerald Abbott, MD,Radiologist
Massachusetts General Hospital,Shadi Abdar Esfahani," MD, MPH",Radiologist
Massachusetts General Hospital,Dunia Abdul-Aziz, MD,
Massachusetts General Hospital,Sama Abdul-Aziz, DMD,not available
Massachusetts General Hospital,John Ablon, PhD,not available
Massachusetts General Hospital,Steven Ablon, MD,Psychiatrist
Massachusetts General Hospital,Diane Abraczinskas, MD,Gastroenterologist
Massachusetts General Hospital,Emily Aaronson, MD,not available
Massachusetts General Hospital,Matthew Abadir, MD,"not available,not available"
Massachusetts General Hospital,Lauren Abbate, MD,Primary Care Physician
Massachusetts General Hospital,Gerald Abbott, MD,Radiologist
Massachusetts General Hospital,Shadi Abdar Esfahani," MD, MPH",Radiologist
Massachusetts General Hospital,Dunia Abdul-Aziz, MD,
Massachusetts General Hospital,Sama Abdul-Aziz, DMD,not available
Massachusetts General Hospital,John Ablon, PhD,not available
Massachusetts General Hospital,Steven Ablon, MD,Psychiatrist
Massachusetts General Hospital,Diane Abraczinskas, MD,Gastroenterologist
Massachusetts General Hospital,Emily Aaronson, MD,not available
Massachusetts General Hospital,Matthew Abadir, MD,"not available,not available"
Massachusetts General Hospital,Lauren Abbate, MD,Primary Care Physician
Massachusetts General Hospital,Gerald Abbott, MD,Radiologist
Massachusetts General Hospital,Shadi Abdar Esfahani," MD, MPH",Radiologist
Massachusetts General Hospital,Dunia Abdul-Aziz, MD,
Massachusetts General Hospital,Sama Abdul-Aziz, DMD,not available
Massachusetts General Hospital,John Ablon, PhD,not available
Massachusetts General Hospital,Steven Ablon, MD,Psychiatrist
Massachusetts General Hospital,Diane Abraczinskas, MD,Gastroenterologist
Massachusetts General Hospital,Emily Aaronson, MD,not available
Massachusetts General Hospital,Matthew Abadir, MD,"not available,not available"
Massachusetts General Hospital,Lauren Abbate, MD,Primary Care Physician
Massachusetts General Hospital,Gerald Abbott, MD,Radiologist
Massachusetts General Hospital,Shadi Abdar Esfahani," MD, MPH",Radiologist
Massachusetts General Hospital,Dunia Abdul-Aziz, MD,
Massachusetts General Hospital,Sama Abdul-Aziz, DMD,not available
Massachusetts General Hospital,John Ablon, PhD,not available
Massachusetts General Hospital,Steven Ablon, MD,Psychiatrist
Massachusetts General Hospital,Diane Abraczinskas, MD,Gastroenterologist
Massachusetts General Hospital,Emily Aaronson, MD,not available
Massachusetts General Hospital,Matthew Abadir, MD,"not available,not available"
Massachusetts General Hospital,Lauren Abbate, MD,Primary Care Physician
Massachusetts General Hospital,Gerald Abbott, MD,Radiologist
Massachusetts General Hospital,Shadi Abdar Esfahani," MD, MPH",Radiologist
Massachusetts General Hospital,Dunia Abdul-Aziz, MD,
Massachusetts General Hospital,Sama Abdul-Aziz, DMD,not available
Massachusetts General Hospital,John Ablon, PhD,not available
Massachusetts General Hospital,Steven Ablon, MD,Psychiatrist
Massachusetts General Hospital,Diane Abraczinskas, MD,Gastroenterologist
Massachusetts General Hospital,Emily Aaronson, MD,not available
Massachusetts General Hospital,Matthew Abadir, MD,"not available,not available"
Massachusetts General Hospital,Lauren Abbate, MD,Primary Care Physician
Massachusetts General Hospital,Gerald Abbott, MD,Radiologist
Massachusetts General Hospital,Shadi Abdar Esfahani," MD, MPH",Radiologist
Massachusetts General Hospital,Dunia Abdul-Aziz, MD,
Massachusetts General Hospital,Sama Abdul-Aziz, DMD,not available
Massachusetts General Hospital,John Ablon, PhD,not available
Massachusetts General Hospital,Steven Ablon, MD,Psychiatrist
Massachusetts General Hospital,Diane Abraczinskas, MD,Gastroenterologist
Massachusetts General Hospital,Emily Aaronson, MD,not available
Massachusetts General Hospital,Matthew Abadir, MD,"not available,not available"
Massachusetts General Hospital,Lauren Abbate, MD,Primary Care Physician
Massachusetts General Hospital,Gerald Abbott, MD,Radiologist
Massachusetts General Hospital,Shadi Abdar Esfahani," MD, MPH",Radiologist
Massachusetts General Hospital,Dunia Abdul-Aziz, MD,
Massachusetts General Hospital,Sama Abdul-Aziz, DMD,not available
Massachusetts General Hospital,John Ablon, PhD,not available
Massachusetts General Hospital,Steven Ablon, MD,Psychiatrist
Massachusetts General Hospital,Diane Abraczinskas, MD,Gastroenterologist
Massachusetts General Hospital,Emily Aaronson, MD,not available
Massachusetts General Hospital,Matthew Abadir, MD,"not available,not available"
Massachusetts General Hospital,Lauren Abbate, MD,Primary Care Physician
Massachusetts General Hospital,Gerald Abbott, MD,Radiologist
Massachusetts General Hospital,Shadi Abdar Esfahani," MD, MPH",Radiologist
Massachusetts General Hospital,Dunia Abdul-Aziz, MD,
Massachusetts General Hospital,Sama Abdul-Aziz, DMD,not available
Massachusetts General Hospital,John Ablon, PhD,not available
Massachusetts General Hospital,Steven Ablon, MD,Psychiatrist
Massachusetts General Hospital,Diane Abraczinskas, MD,Gastroenterologist
Massachusetts General Hospital,Emily Aaronson, MD,not available
Massachusetts General Hospital,Matthew Abadir, MD,"not available,not available"
Massachusetts General Hospital,Lauren Abbate, MD,Primary Care Physician
Massachusetts General Hospital,Gerald Abbott, MD,Radiologist
Massachusetts General Hospital,Shadi Abdar Esfahani," MD, MPH",Radiologist
Massachusetts General Hospital,Dunia Abdul-Aziz, MD,
Massachusetts General Hospital,Sama Abdul-Aziz, DMD,not available
Massachusetts General Hospital,John Ablon, PhD,not available
Massachusetts General Hospital,Steven Ablon, MD,Psychiatrist
Massachusetts General Hospital,Diane Abraczinskas, MD,Gastroenterologist
Massachusetts General Hospital,Emily Aaronson, MD,not available
Massachusetts General Hospital,Matthew Abadir, MD,"not available,not available"
Massachusetts General Hospital,Lauren Abbate, MD,Primary Care Physician
Massachusetts General Hospital,Gerald Abbott, MD,Radiologist
Massachusetts General Hospital,Shadi Abdar Esfahani," MD, MPH",Radiologist
Massachusetts General Hospital,Dunia Abdul-Aziz, MD,
Massachusetts General Hospital,Sama Abdul-Aziz, DMD,not available
Massachusetts General Hospital,John Ablon, PhD,not available
Massachusetts General Hospital,Steven Ablon, MD,Psychiatrist
Massachusetts General Hospital,Diane Abraczinskas, MD,Gastroenterologist
