Name,Specialty,Department
"Emily Aaronson, MD","Location:
													Boston",
"Matthew Abadir, MD","Locations:
													Boston,
														Salem",
"Lauren Abbate, MD",Primary Care Physician,Boston
"Gerald Abbott, MD",Radiologist,Boston
"Shadi Abdar Esfahani, MD, MPH",Radiologist,Boston
"Dunia Abdul-Aziz, MD",,
"Sama Abdul-Aziz, DMD","Location:
													Boston",
"John Ablon, PhD","Location:
													Boston",
"Steven Ablon, MD",Psychiatrist,
"Diane Abraczinskas, MD",Gastroenterologist,Boston
"Emily Aaronson, MD","Location:
													Boston",
"Matthew Abadir, MD","Locations:
													Boston,
														Salem",
"Lauren Abbate, MD",Primary Care Physician,Boston
"Gerald Abbott, MD",Radiologist,Boston
"Shadi Abdar Esfahani, MD, MPH",Radiologist,Boston
"Dunia Abdul-Aziz, MD",,
"Sama Abdul-Aziz, DMD","Location:
													Boston",
"John Ablon, PhD","Location:
													Boston",
"Steven Ablon, MD",Psychiatrist,
"Diane Abraczinskas, MD",Gastroenterologist,Boston
"Emily Aaronson, MD","Location:
													Boston",
"Matthew Abadir, MD","Locations:
													Boston,
														Salem",
"Lauren Abbate, MD",Primary Care Physician,Boston
"Gerald Abbott, MD",Radiologist,Boston
"Shadi Abdar Esfahani, MD, MPH",Radiologist,Boston
"Dunia Abdul-Aziz, MD",,
"Sama Abdul-Aziz, DMD","Location:
													Boston",
"John Ablon, PhD","Location:
													Boston",
"Steven Ablon, MD",Psychiatrist,
"Diane Abraczinskas, MD",Gastroenterologist,Boston
"Emily Aaronson, MD","Location:
													Boston",
"Matthew Abadir, MD","Locations:
													Boston,
														Salem",
"Lauren Abbate, MD",Primary Care Physician,Boston
"Gerald Abbott, MD",Radiologist,Boston
"Shadi Abdar Esfahani, MD, MPH",Radiologist,Boston
"Dunia Abdul-Aziz, MD",,
"Sama Abdul-Aziz, DMD","Location:
													Boston",
"John Ablon, PhD","Location:
													Boston",
"Steven Ablon, MD",Psychiatrist,
"Diane Abraczinskas, MD",Gastroenterologist,Boston
"Emily Aaronson, MD","Location:
													Boston",
"Matthew Abadir, MD","Locations:
													Boston,
														Salem",
"Lauren Abbate, MD",Primary Care Physician,Boston
"Gerald Abbott, MD",Radiologist,Boston
"Shadi Abdar Esfahani, MD, MPH",Radiologist,Boston
"Dunia Abdul-Aziz, MD",,
"Sama Abdul-Aziz, DMD","Location:
													Boston",
"John Ablon, PhD","Location:
													Boston",
"Steven Ablon, MD",Psychiatrist,
"Diane Abraczinskas, MD",Gastroenterologist,Boston
"Emily Aaronson, MD","Location:
													Boston",
"Matthew Abadir, MD","Locations:
													Boston,
														Salem",
"Lauren Abbate, MD",Primary Care Physician,Boston
"Gerald Abbott, MD",Radiologist,Boston
"Shadi Abdar Esfahani, MD, MPH",Radiologist,Boston
"Dunia Abdul-Aziz, MD",,
"Sama Abdul-Aziz, DMD","Location:
													Boston",
"John Ablon, PhD","Location:
													Boston",
"Steven Ablon, MD",Psychiatrist,
"Diane Abraczinskas, MD",Gastroenterologist,Boston
"Emily Aaronson, MD","Location:
													Boston",
"Matthew Abadir, MD","Locations:
													Boston,
														Salem",
"Lauren Abbate, MD",Primary Care Physician,Boston
"Gerald Abbott, MD",Radiologist,Boston
"Shadi Abdar Esfahani, MD, MPH",Radiologist,Boston
"Dunia Abdul-Aziz, MD",,
"Sama Abdul-Aziz, DMD","Location:
													Boston",
"John Ablon, PhD","Location:
													Boston",
"Steven Ablon, MD",Psychiatrist,
"Diane Abraczinskas, MD",Gastroenterologist,Boston
"Emily Aaronson, MD","Location:
													Boston",
"Matthew Abadir, MD","Locations:
													Boston,
														Salem",
"Lauren Abbate, MD",Primary Care Physician,Boston
"Gerald Abbott, MD",Radiologist,Boston
"Shadi Abdar Esfahani, MD, MPH",Radiologist,Boston
"Dunia Abdul-Aziz, MD",,
"Sama Abdul-Aziz, DMD","Location:
													Boston",
"John Ablon, PhD","Location:
													Boston",
"Steven Ablon, MD",Psychiatrist,
"Diane Abraczinskas, MD",Gastroenterologist,Boston
"Emily Aaronson, MD","Location:
													Boston",
"Matthew Abadir, MD","Locations:
													Boston,
														Salem",
"Lauren Abbate, MD",Primary Care Physician,Boston
"Gerald Abbott, MD",Radiologist,Boston
"Shadi Abdar Esfahani, MD, MPH",Radiologist,Boston
"Dunia Abdul-Aziz, MD",,
"Sama Abdul-Aziz, DMD","Location:
													Boston",
"John Ablon, PhD","Location:
													Boston",
"Steven Ablon, MD",Psychiatrist,
"Diane Abraczinskas, MD",Gastroenterologist,Boston
"Emily Aaronson, MD","Location:
													Boston",
"Matthew Abadir, MD","Locations:
													Boston,
														Salem",
"Lauren Abbate, MD",Primary Care Physician,Boston
"Gerald Abbott, MD",Radiologist,Boston
"Shadi Abdar Esfahani, MD, MPH",Radiologist,Boston
"Dunia Abdul-Aziz, MD",,
"Sama Abdul-Aziz, DMD","Location:
													Boston",
"John Ablon, PhD","Location:
													Boston",
"Steven Ablon, MD",Psychiatrist,
"Diane Abraczinskas, MD",Gastroenterologist,Boston
"Emily Aaronson, MD","Location:
													Boston",
"Matthew Abadir, MD","Locations:
													Boston,
														Salem",
"Lauren Abbate, MD",Primary Care Physician,Boston
"Gerald Abbott, MD",Radiologist,Boston
"Shadi Abdar Esfahani, MD, MPH",Radiologist,Boston
"Dunia Abdul-Aziz, MD",,
"Sama Abdul-Aziz, DMD","Location:
													Boston",
"John Ablon, PhD","Location:
													Boston",
"Steven Ablon, MD",Psychiatrist,
"Diane Abraczinskas, MD",Gastroenterologist,Boston
"Emily Aaronson, MD","Location:
													Boston",
"Matthew Abadir, MD","Locations:
													Boston,
														Salem",
"Lauren Abbate, MD",Primary Care Physician,Boston
"Gerald Abbott, MD",Radiologist,Boston
"Shadi Abdar Esfahani, MD, MPH",Radiologist,Boston
"Dunia Abdul-Aziz, MD",,
"Sama Abdul-Aziz, DMD","Location:
													Boston",
"John Ablon, PhD","Location:
													Boston",
"Steven Ablon, MD",Psychiatrist,
"Diane Abraczinskas, MD",Gastroenterologist,Boston
"Emily Aaronson, MD","Location:
													Boston",
"Matthew Abadir, MD","Locations:
													Boston,
														Salem",
"Lauren Abbate, MD",Primary Care Physician,Boston
"Gerald Abbott, MD",Radiologist,Boston
"Shadi Abdar Esfahani, MD, MPH",Radiologist,Boston
"Dunia Abdul-Aziz, MD",,
"Sama Abdul-Aziz, DMD","Location:
													Boston",
"John Ablon, PhD","Location:
													Boston",
"Steven Ablon, MD",Psychiatrist,
"Diane Abraczinskas, MD",Gastroenterologist,Boston
"Emily Aaronson, MD","Location:
													Boston",
"Matthew Abadir, MD","Locations:
													Boston,
														Salem",
"Lauren Abbate, MD",Primary Care Physician,Boston
"Gerald Abbott, MD",Radiologist,Boston
"Shadi Abdar Esfahani, MD, MPH",Radiologist,Boston
"Dunia Abdul-Aziz, MD",,
"Sama Abdul-Aziz, DMD","Location:
													Boston",
"John Ablon, PhD","Location:
													Boston",
"Steven Ablon, MD",Psychiatrist,
"Diane Abraczinskas, MD",Gastroenterologist,Boston
"Emily Aaronson, MD","Location:
													Boston",
"Matthew Abadir, MD","Locations:
													Boston,
														Salem",
"Lauren Abbate, MD",Primary Care Physician,Boston
"Gerald Abbott, MD",Radiologist,Boston
"Shadi Abdar Esfahani, MD, MPH",Radiologist,Boston
"Dunia Abdul-Aziz, MD",,
"Sama Abdul-Aziz, DMD","Location:
													Boston",
"John Ablon, PhD","Location:
													Boston",
"Steven Ablon, MD",Psychiatrist,
"Diane Abraczinskas, MD",Gastroenterologist,Boston
"Emily Aaronson, MD","Location:
													Boston",
"Matthew Abadir, MD","Locations:
													Boston,
														Salem",
"Lauren Abbate, MD",Primary Care Physician,Boston
"Gerald Abbott, MD",Radiologist,Boston
"Shadi Abdar Esfahani, MD, MPH",Radiologist,Boston
"Dunia Abdul-Aziz, MD",,
"Sama Abdul-Aziz, DMD","Location:
													Boston",
"John Ablon, PhD","Location:
													Boston",
"Steven Ablon, MD",Psychiatrist,
"Diane Abraczinskas, MD",Gastroenterologist,Boston
"Emily Aaronson, MD","Location:
													Boston",
"Matthew Abadir, MD","Locations:
													Boston,
														Salem",
"Lauren Abbate, MD",Primary Care Physician,Boston
"Gerald Abbott, MD",Radiologist,Boston
"Shadi Abdar Esfahani, MD, MPH",Radiologist,Boston
"Dunia Abdul-Aziz, MD",,
"Sama Abdul-Aziz, DMD","Location:
													Boston",
"John Ablon, PhD","Location:
													Boston",
"Steven Ablon, MD",Psychiatrist,
"Diane Abraczinskas, MD",Gastroenterologist,Boston
"Emily Aaronson, MD","Location:
													Boston",
"Matthew Abadir, MD","Locations:
													Boston,
														Salem",
"Lauren Abbate, MD",Primary Care Physician,Boston
"Gerald Abbott, MD",Radiologist,Boston
"Shadi Abdar Esfahani, MD, MPH",Radiologist,Boston
"Dunia Abdul-Aziz, MD",,
"Sama Abdul-Aziz, DMD","Location:
													Boston",
"John Ablon, PhD","Location:
													Boston",
"Steven Ablon, MD",Psychiatrist,
"Diane Abraczinskas, MD",Gastroenterologist,Boston
"Emily Aaronson, MD","Location:
													Boston",
"Matthew Abadir, MD","Locations:
													Boston,
														Salem",
"Lauren Abbate, MD",Primary Care Physician,Boston
"Gerald Abbott, MD",Radiologist,Boston
"Shadi Abdar Esfahani, MD, MPH",Radiologist,Boston
"Dunia Abdul-Aziz, MD",,
"Sama Abdul-Aziz, DMD","Location:
													Boston",
"John Ablon, PhD","Location:
													Boston",
"Steven Ablon, MD",Psychiatrist,
"Diane Abraczinskas, MD",Gastroenterologist,Boston
"Emily Aaronson, MD","Location:
													Boston",
"Matthew Abadir, MD","Locations:
													Boston,
														Salem",
"Lauren Abbate, MD",Primary Care Physician,Boston
"Gerald Abbott, MD",Radiologist,Boston
"Shadi Abdar Esfahani, MD, MPH",Radiologist,Boston
"Dunia Abdul-Aziz, MD",,
"Sama Abdul-Aziz, DMD","Location:
													Boston",
"John Ablon, PhD","Location:
													Boston",
"Steven Ablon, MD",Psychiatrist,
"Diane Abraczinskas, MD",Gastroenterologist,Boston
"Emily Aaronson, MD","Location:
													Boston",
"Matthew Abadir, MD","Locations:
													Boston,
														Salem",
"Lauren Abbate, MD",Primary Care Physician,Boston
"Gerald Abbott, MD",Radiologist,Boston
"Shadi Abdar Esfahani, MD, MPH",Radiologist,Boston
"Dunia Abdul-Aziz, MD",,
"Sama Abdul-Aziz, DMD","Location:
													Boston",
"John Ablon, PhD","Location:
													Boston",
"Steven Ablon, MD",Psychiatrist,
"Diane Abraczinskas, MD",Gastroenterologist,Boston
"Emily Aaronson, MD","Location:
													Boston",
"Matthew Abadir, MD","Locations:
													Boston,
														Salem",
"Lauren Abbate, MD",Primary Care Physician,Boston
"Gerald Abbott, MD",Radiologist,Boston
"Shadi Abdar Esfahani, MD, MPH",Radiologist,Boston
"Dunia Abdul-Aziz, MD",,
"Sama Abdul-Aziz, DMD","Location:
													Boston",
"John Ablon, PhD","Location:
													Boston",
"Steven Ablon, MD",Psychiatrist,
"Diane Abraczinskas, MD",Gastroenterologist,Boston
"Emily Aaronson, MD","Location:
													Boston",
"Matthew Abadir, MD","Locations:
													Boston,
														Salem",
"Lauren Abbate, MD",Primary Care Physician,Boston
"Gerald Abbott, MD",Radiologist,Boston
"Shadi Abdar Esfahani, MD, MPH",Radiologist,Boston
"Dunia Abdul-Aziz, MD",,
"Sama Abdul-Aziz, DMD","Location:
													Boston",
"John Ablon, PhD","Location:
													Boston",
"Steven Ablon, MD",Psychiatrist,
"Diane Abraczinskas, MD",Gastroenterologist,Boston
"Emily Aaronson, MD","Location:
													Boston",
"Matthew Abadir, MD","Locations:
													Boston,
														Salem",
"Lauren Abbate, MD",Primary Care Physician,Boston
"Gerald Abbott, MD",Radiologist,Boston
"Shadi Abdar Esfahani, MD, MPH",Radiologist,Boston
"Dunia Abdul-Aziz, MD",,
"Sama Abdul-Aziz, DMD","Location:
													Boston",
"John Ablon, PhD","Location:
													Boston",
"Steven Ablon, MD",Psychiatrist,
"Diane Abraczinskas, MD",Gastroenterologist,Boston
"Emily Aaronson, MD","Location:
													Boston",
"Matthew Abadir, MD","Locations:
													Boston,
														Salem",
"Lauren Abbate, MD",Primary Care Physician,Boston
"Gerald Abbott, MD",Radiologist,Boston
"Shadi Abdar Esfahani, MD, MPH",Radiologist,Boston
"Dunia Abdul-Aziz, MD",,
"Sama Abdul-Aziz, DMD","Location:
													Boston",
"John Ablon, PhD","Location:
													Boston",
"Steven Ablon, MD",Psychiatrist,
"Diane Abraczinskas, MD",Gastroenterologist,Boston
"Emily Aaronson, MD","Location:
													Boston",
"Matthew Abadir, MD","Locations:
													Boston,
														Salem",
"Lauren Abbate, MD",Primary Care Physician,Boston
"Gerald Abbott, MD",Radiologist,Boston
"Shadi Abdar Esfahani, MD, MPH",Radiologist,Boston
"Dunia Abdul-Aziz, MD",,
"Sama Abdul-Aziz, DMD","Location:
													Boston",
"John Ablon, PhD","Location:
													Boston",
"Steven Ablon, MD",Psychiatrist,
"Diane Abraczinskas, MD",Gastroenterologist,Boston
"Emily Aaronson, MD","Location:
													Boston",
"Matthew Abadir, MD","Locations:
													Boston,
														Salem",
"Lauren Abbate, MD",Primary Care Physician,Boston
"Gerald Abbott, MD",Radiologist,Boston
"Shadi Abdar Esfahani, MD, MPH",Radiologist,Boston
"Dunia Abdul-Aziz, MD",,
"Sama Abdul-Aziz, DMD","Location:
													Boston",
"John Ablon, PhD","Location:
													Boston",
"Steven Ablon, MD",Psychiatrist,
"Diane Abraczinskas, MD",Gastroenterologist,Boston
"Emily Aaronson, MD","Location:
													Boston",
"Matthew Abadir, MD","Locations:
													Boston,
														Salem",
"Lauren Abbate, MD",Primary Care Physician,Boston
"Gerald Abbott, MD",Radiologist,Boston
"Shadi Abdar Esfahani, MD, MPH",Radiologist,Boston
"Dunia Abdul-Aziz, MD",,
"Sama Abdul-Aziz, DMD","Location:
													Boston",
"John Ablon, PhD","Location:
													Boston",
"Steven Ablon, MD",Psychiatrist,
"Diane Abraczinskas, MD",Gastroenterologist,Boston
"Emily Aaronson, MD","Location:
													Boston",
"Matthew Abadir, MD","Locations:
													Boston,
														Salem",
"Lauren Abbate, MD",Primary Care Physician,Boston
"Gerald Abbott, MD",Radiologist,Boston
"Shadi Abdar Esfahani, MD, MPH",Radiologist,Boston
"Dunia Abdul-Aziz, MD",,
"Sama Abdul-Aziz, DMD","Location:
													Boston",
"John Ablon, PhD","Location:
													Boston",
"Steven Ablon, MD",Psychiatrist,
"Diane Abraczinskas, MD",Gastroenterologist,Boston
"Emily Aaronson, MD","Location:
													Boston",
"Matthew Abadir, MD","Locations:
													Boston,
														Salem",
"Lauren Abbate, MD",Primary Care Physician,Boston
"Gerald Abbott, MD",Radiologist,Boston
"Shadi Abdar Esfahani, MD, MPH",Radiologist,Boston
"Dunia Abdul-Aziz, MD",,
"Sama Abdul-Aziz, DMD","Location:
													Boston",
"John Ablon, PhD","Location:
													Boston",
"Steven Ablon, MD",Psychiatrist,
"Diane Abraczinskas, MD",Gastroenterologist,Boston
"Emily Aaronson, MD","Location:
													Boston",
"Matthew Abadir, MD","Locations:
													Boston,
														Salem",
"Lauren Abbate, MD",Primary Care Physician,Boston
"Gerald Abbott, MD",Radiologist,Boston
"Shadi Abdar Esfahani, MD, MPH",Radiologist,Boston
"Dunia Abdul-Aziz, MD",,
"Sama Abdul-Aziz, DMD","Location:
													Boston",
"John Ablon, PhD","Location:
													Boston",
"Steven Ablon, MD",Psychiatrist,
"Diane Abraczinskas, MD",Gastroenterologist,Boston
"Emily Aaronson, MD","Location:
													Boston",
"Matthew Abadir, MD","Locations:
													Boston,
														Salem",
"Lauren Abbate, MD",Primary Care Physician,Boston
"Gerald Abbott, MD",Radiologist,Boston
"Shadi Abdar Esfahani, MD, MPH",Radiologist,Boston
"Dunia Abdul-Aziz, MD",,
"Sama Abdul-Aziz, DMD","Location:
													Boston",
"John Ablon, PhD","Location:
													Boston",
"Steven Ablon, MD",Psychiatrist,
"Diane Abraczinskas, MD",Gastroenterologist,Boston
"Emily Aaronson, MD","Location:
													Boston",
"Matthew Abadir, MD","Locations:
													Boston,
														Salem",
"Lauren Abbate, MD",Primary Care Physician,Boston
"Gerald Abbott, MD",Radiologist,Boston
"Shadi Abdar Esfahani, MD, MPH",Radiologist,Boston
"Dunia Abdul-Aziz, MD",,
"Sama Abdul-Aziz, DMD","Location:
													Boston",
"John Ablon, PhD","Location:
													Boston",
"Steven Ablon, MD",Psychiatrist,
"Diane Abraczinskas, MD",Gastroenterologist,Boston
"Emily Aaronson, MD","Location:
													Boston",
"Matthew Abadir, MD","Locations:
													Boston,
														Salem",
"Lauren Abbate, MD",Primary Care Physician,Boston
"Gerald Abbott, MD",Radiologist,Boston
"Shadi Abdar Esfahani, MD, MPH",Radiologist,Boston
"Dunia Abdul-Aziz, MD",,
"Sama Abdul-Aziz, DMD","Location:
													Boston",
"John Ablon, PhD","Location:
													Boston",
"Steven Ablon, MD",Psychiatrist,
"Diane Abraczinskas, MD",Gastroenterologist,Boston
"Emily Aaronson, MD","Location:
													Boston",
"Matthew Abadir, MD","Locations:
													Boston,
														Salem",
"Lauren Abbate, MD",Primary Care Physician,Boston
"Gerald Abbott, MD",Radiologist,Boston
"Shadi Abdar Esfahani, MD, MPH",Radiologist,Boston
"Dunia Abdul-Aziz, MD",,
"Sama Abdul-Aziz, DMD","Location:
													Boston",
"John Ablon, PhD","Location:
													Boston",
"Steven Ablon, MD",Psychiatrist,
"Diane Abraczinskas, MD",Gastroenterologist,Boston
"Emily Aaronson, MD","Location:
													Boston",
"Matthew Abadir, MD","Locations:
													Boston,
														Salem",
"Lauren Abbate, MD",Primary Care Physician,Boston
"Gerald Abbott, MD",Radiologist,Boston
"Shadi Abdar Esfahani, MD, MPH",Radiologist,Boston
"Dunia Abdul-Aziz, MD",,
"Sama Abdul-Aziz, DMD","Location:
													Boston",
"John Ablon, PhD","Location:
													Boston",
"Steven Ablon, MD",Psychiatrist,
"Diane Abraczinskas, MD",Gastroenterologist,Boston
"Emily Aaronson, MD","Location:
													Boston",
"Matthew Abadir, MD","Locations:
													Boston,
														Salem",
"Lauren Abbate, MD",Primary Care Physician,Boston
"Gerald Abbott, MD",Radiologist,Boston
"Shadi Abdar Esfahani, MD, MPH",Radiologist,Boston
"Dunia Abdul-Aziz, MD",,
"Sama Abdul-Aziz, DMD","Location:
													Boston",
"John Ablon, PhD","Location:
													Boston",
"Steven Ablon, MD",Psychiatrist,
"Diane Abraczinskas, MD",Gastroenterologist,Boston
"Emily Aaronson, MD","Location:
													Boston",
"Matthew Abadir, MD","Locations:
													Boston,
														Salem",
"Lauren Abbate, MD",Primary Care Physician,Boston
"Gerald Abbott, MD",Radiologist,Boston
"Shadi Abdar Esfahani, MD, MPH",Radiologist,Boston
"Dunia Abdul-Aziz, MD",,
"Sama Abdul-Aziz, DMD","Location:
													Boston",
"John Ablon, PhD","Location:
													Boston",
"Steven Ablon, MD",Psychiatrist,
"Diane Abraczinskas, MD",Gastroenterologist,Boston
"Emily Aaronson, MD","Location:
													Boston",
"Matthew Abadir, MD","Locations:
													Boston,
														Salem",
"Lauren Abbate, MD",Primary Care Physician,Boston
"Gerald Abbott, MD",Radiologist,Boston
"Shadi Abdar Esfahani, MD, MPH",Radiologist,Boston
"Dunia Abdul-Aziz, MD",,
"Sama Abdul-Aziz, DMD","Location:
													Boston",
"John Ablon, PhD","Location:
													Boston",
"Steven Ablon, MD",Psychiatrist,
"Diane Abraczinskas, MD",Gastroenterologist,Boston
"Emily Aaronson, MD","Location:
													Boston",
"Matthew Abadir, MD","Locations:
													Boston,
														Salem",
"Lauren Abbate, MD",Primary Care Physician,Boston
"Gerald Abbott, MD",Radiologist,Boston
"Shadi Abdar Esfahani, MD, MPH",Radiologist,Boston
"Dunia Abdul-Aziz, MD",,
"Sama Abdul-Aziz, DMD","Location:
													Boston",
"John Ablon, PhD","Location:
													Boston",
"Steven Ablon, MD",Psychiatrist,
"Diane Abraczinskas, MD",Gastroenterologist,Boston
"Emily Aaronson, MD","Location:
													Boston",
"Matthew Abadir, MD","Locations:
													Boston,
														Salem",
"Lauren Abbate, MD",Primary Care Physician,Boston
"Gerald Abbott, MD",Radiologist,Boston
"Shadi Abdar Esfahani, MD, MPH",Radiologist,Boston
"Dunia Abdul-Aziz, MD",,
"Sama Abdul-Aziz, DMD","Location:
													Boston",
"John Ablon, PhD","Location:
													Boston",
"Steven Ablon, MD",Psychiatrist,
"Diane Abraczinskas, MD",Gastroenterologist,Boston
"Emily Aaronson, MD","Location:
													Boston",
"Matthew Abadir, MD","Locations:
													Boston,
														Salem",
"Lauren Abbate, MD",Primary Care Physician,Boston
"Gerald Abbott, MD",Radiologist,Boston
"Shadi Abdar Esfahani, MD, MPH",Radiologist,Boston
"Dunia Abdul-Aziz, MD",,
"Sama Abdul-Aziz, DMD","Location:
													Boston",
"John Ablon, PhD","Location:
													Boston",
"Steven Ablon, MD",Psychiatrist,
"Diane Abraczinskas, MD",Gastroenterologist,Boston
"Emily Aaronson, MD","Location:
													Boston",
"Matthew Abadir, MD","Locations:
													Boston,
														Salem",
"Lauren Abbate, MD",Primary Care Physician,Boston
"Gerald Abbott, MD",Radiologist,Boston
"Shadi Abdar Esfahani, MD, MPH",Radiologist,Boston
"Dunia Abdul-Aziz, MD",,
"Sama Abdul-Aziz, DMD","Location:
													Boston",
"John Ablon, PhD","Location:
													Boston",
"Steven Ablon, MD",Psychiatrist,
"Diane Abraczinskas, MD",Gastroenterologist,Boston
"Emily Aaronson, MD","Location:
													Boston",
"Matthew Abadir, MD","Locations:
													Boston,
														Salem",
"Lauren Abbate, MD",Primary Care Physician,Boston
"Gerald Abbott, MD",Radiologist,Boston
"Shadi Abdar Esfahani, MD, MPH",Radiologist,Boston
"Dunia Abdul-Aziz, MD",,
"Sama Abdul-Aziz, DMD","Location:
													Boston",
"John Ablon, PhD","Location:
													Boston",
"Steven Ablon, MD",Psychiatrist,
"Diane Abraczinskas, MD",Gastroenterologist,Boston
"Emily Aaronson, MD","Location:
													Boston",
"Matthew Abadir, MD","Locations:
													Boston,
														Salem",
"Lauren Abbate, MD",Primary Care Physician,Boston
"Gerald Abbott, MD",Radiologist,Boston
"Shadi Abdar Esfahani, MD, MPH",Radiologist,Boston
"Dunia Abdul-Aziz, MD",,
"Sama Abdul-Aziz, DMD","Location:
													Boston",
"John Ablon, PhD","Location:
													Boston",
"Steven Ablon, MD",Psychiatrist,
"Diane Abraczinskas, MD",Gastroenterologist,Boston
"Emily Aaronson, MD","Location:
													Boston",
"Matthew Abadir, MD","Locations:
													Boston,
														Salem",
"Lauren Abbate, MD",Primary Care Physician,Boston
"Gerald Abbott, MD",Radiologist,Boston
"Shadi Abdar Esfahani, MD, MPH",Radiologist,Boston
"Dunia Abdul-Aziz, MD",,
"Sama Abdul-Aziz, DMD","Location:
													Boston",
"John Ablon, PhD","Location:
													Boston",
"Steven Ablon, MD",Psychiatrist,
"Diane Abraczinskas, MD",Gastroenterologist,Boston
"Emily Aaronson, MD","Location:
													Boston",
"Matthew Abadir, MD","Locations:
													Boston,
														Salem",
"Lauren Abbate, MD",Primary Care Physician,Boston
"Gerald Abbott, MD",Radiologist,Boston
"Shadi Abdar Esfahani, MD, MPH",Radiologist,Boston
"Dunia Abdul-Aziz, MD",,
"Sama Abdul-Aziz, DMD","Location:
													Boston",
"John Ablon, PhD","Location:
													Boston",
"Steven Ablon, MD",Psychiatrist,
"Diane Abraczinskas, MD",Gastroenterologist,Boston
"Emily Aaronson, MD","Location:
													Boston",
"Matthew Abadir, MD","Locations:
													Boston,
														Salem",
"Lauren Abbate, MD",Primary Care Physician,Boston
"Gerald Abbott, MD",Radiologist,Boston
"Shadi Abdar Esfahani, MD, MPH",Radiologist,Boston
"Dunia Abdul-Aziz, MD",,
"Sama Abdul-Aziz, DMD","Location:
													Boston",
"John Ablon, PhD","Location:
													Boston",
"Steven Ablon, MD",Psychiatrist,
"Diane Abraczinskas, MD",Gastroenterologist,Boston
"Emily Aaronson, MD","Location:
													Boston",
"Matthew Abadir, MD","Locations:
													Boston,
														Salem",
"Lauren Abbate, MD",Primary Care Physician,Boston
"Gerald Abbott, MD",Radiologist,Boston
"Shadi Abdar Esfahani, MD, MPH",Radiologist,Boston
"Dunia Abdul-Aziz, MD",,
"Sama Abdul-Aziz, DMD","Location:
													Boston",
"John Ablon, PhD","Location:
													Boston",
"Steven Ablon, MD",Psychiatrist,
"Diane Abraczinskas, MD",Gastroenterologist,Boston
"Emily Aaronson, MD","Location:
													Boston",
"Matthew Abadir, MD","Locations:
													Boston,
														Salem",
"Lauren Abbate, MD",Primary Care Physician,Boston
"Gerald Abbott, MD",Radiologist,Boston
"Shadi Abdar Esfahani, MD, MPH",Radiologist,Boston
"Dunia Abdul-Aziz, MD",,
"Sama Abdul-Aziz, DMD","Location:
													Boston",
"John Ablon, PhD","Location:
													Boston",
"Steven Ablon, MD",Psychiatrist,
"Diane Abraczinskas, MD",Gastroenterologist,Boston
"Emily Aaronson, MD","Location:
													Boston",
"Matthew Abadir, MD","Locations:
													Boston,
														Salem",
"Lauren Abbate, MD",Primary Care Physician,Boston
"Gerald Abbott, MD",Radiologist,Boston
"Shadi Abdar Esfahani, MD, MPH",Radiologist,Boston
"Dunia Abdul-Aziz, MD",,
"Sama Abdul-Aziz, DMD","Location:
													Boston",
"John Ablon, PhD","Location:
													Boston",
"Steven Ablon, MD",Psychiatrist,
"Diane Abraczinskas, MD",Gastroenterologist,Boston
"Emily Aaronson, MD","Location:
													Boston",
"Matthew Abadir, MD","Locations:
													Boston,
														Salem",
"Lauren Abbate, MD",Primary Care Physician,Boston
"Gerald Abbott, MD",Radiologist,Boston
"Shadi Abdar Esfahani, MD, MPH",Radiologist,Boston
"Dunia Abdul-Aziz, MD",,
"Sama Abdul-Aziz, DMD","Location:
													Boston",
"John Ablon, PhD","Location:
													Boston",
"Steven Ablon, MD",Psychiatrist,
"Diane Abraczinskas, MD",Gastroenterologist,Boston
"Emily Aaronson, MD","Location:
													Boston",
"Matthew Abadir, MD","Locations:
													Boston,
														Salem",
"Lauren Abbate, MD",Primary Care Physician,Boston
"Gerald Abbott, MD",Radiologist,Boston
"Shadi Abdar Esfahani, MD, MPH",Radiologist,Boston
"Dunia Abdul-Aziz, MD",,
"Sama Abdul-Aziz, DMD","Location:
													Boston",
"John Ablon, PhD","Location:
													Boston",
"Steven Ablon, MD",Psychiatrist,
"Diane Abraczinskas, MD",Gastroenterologist,Boston
"Emily Aaronson, MD","Location:
													Boston",
"Matthew Abadir, MD","Locations:
													Boston,
														Salem",
"Lauren Abbate, MD",Primary Care Physician,Boston
"Gerald Abbott, MD",Radiologist,Boston
"Shadi Abdar Esfahani, MD, MPH",Radiologist,Boston
"Dunia Abdul-Aziz, MD",,
"Sama Abdul-Aziz, DMD","Location:
													Boston",
"John Ablon, PhD","Location:
													Boston",
"Steven Ablon, MD",Psychiatrist,
"Diane Abraczinskas, MD",Gastroenterologist,Boston
"Emily Aaronson, MD","Location:
													Boston",
"Matthew Abadir, MD","Locations:
													Boston,
														Salem",
"Lauren Abbate, MD",Primary Care Physician,Boston
"Gerald Abbott, MD",Radiologist,Boston
"Shadi Abdar Esfahani, MD, MPH",Radiologist,Boston
"Dunia Abdul-Aziz, MD",,
"Sama Abdul-Aziz, DMD","Location:
													Boston",
"John Ablon, PhD","Location:
													Boston",
"Steven Ablon, MD",Psychiatrist,
"Diane Abraczinskas, MD",Gastroenterologist,Boston
"Emily Aaronson, MD","Location:
													Boston",
"Matthew Abadir, MD","Locations:
													Boston,
														Salem",
"Lauren Abbate, MD",Primary Care Physician,Boston
"Gerald Abbott, MD",Radiologist,Boston
"Shadi Abdar Esfahani, MD, MPH",Radiologist,Boston
"Dunia Abdul-Aziz, MD",,
"Sama Abdul-Aziz, DMD","Location:
													Boston",
"John Ablon, PhD","Location:
													Boston",
"Steven Ablon, MD",Psychiatrist,
"Diane Abraczinskas, MD",Gastroenterologist,Boston
"Emily Aaronson, MD","Location:
													Boston",
"Matthew Abadir, MD","Locations:
													Boston,
														Salem",
"Lauren Abbate, MD",Primary Care Physician,Boston
"Gerald Abbott, MD",Radiologist,Boston
"Shadi Abdar Esfahani, MD, MPH",Radiologist,Boston
"Dunia Abdul-Aziz, MD",,
"Sama Abdul-Aziz, DMD","Location:
													Boston",
"John Ablon, PhD","Location:
													Boston",
"Steven Ablon, MD",Psychiatrist,
"Diane Abraczinskas, MD",Gastroenterologist,Boston
"Emily Aaronson, MD","Location:
													Boston",
"Matthew Abadir, MD","Locations:
													Boston,
														Salem",
"Lauren Abbate, MD",Primary Care Physician,Boston
"Gerald Abbott, MD",Radiologist,Boston
"Shadi Abdar Esfahani, MD, MPH",Radiologist,Boston
"Dunia Abdul-Aziz, MD",,
"Sama Abdul-Aziz, DMD","Location:
													Boston",
"John Ablon, PhD","Location:
													Boston",
"Steven Ablon, MD",Psychiatrist,
"Diane Abraczinskas, MD",Gastroenterologist,Boston
"Emily Aaronson, MD","Location:
													Boston",
"Matthew Abadir, MD","Locations:
													Boston,
														Salem",
"Lauren Abbate, MD",Primary Care Physician,Boston
"Gerald Abbott, MD",Radiologist,Boston
"Shadi Abdar Esfahani, MD, MPH",Radiologist,Boston
"Dunia Abdul-Aziz, MD",,
"Sama Abdul-Aziz, DMD","Location:
													Boston",
"John Ablon, PhD","Location:
													Boston",
"Steven Ablon, MD",Psychiatrist,
"Diane Abraczinskas, MD",Gastroenterologist,Boston
"Emily Aaronson, MD","Location:
													Boston",
"Matthew Abadir, MD","Locations:
													Boston,
														Salem",
"Lauren Abbate, MD",Primary Care Physician,Boston
"Gerald Abbott, MD",Radiologist,Boston
"Shadi Abdar Esfahani, MD, MPH",Radiologist,Boston
"Dunia Abdul-Aziz, MD",,
"Sama Abdul-Aziz, DMD","Location:
													Boston",
"John Ablon, PhD","Location:
													Boston",
"Steven Ablon, MD",Psychiatrist,
"Diane Abraczinskas, MD",Gastroenterologist,Boston
"Emily Aaronson, MD","Location:
													Boston",
"Matthew Abadir, MD","Locations:
													Boston,
														Salem",
"Lauren Abbate, MD",Primary Care Physician,Boston
"Gerald Abbott, MD",Radiologist,Boston
"Shadi Abdar Esfahani, MD, MPH",Radiologist,Boston
"Dunia Abdul-Aziz, MD",,
"Sama Abdul-Aziz, DMD","Location:
													Boston",
"John Ablon, PhD","Location:
													Boston",
"Steven Ablon, MD",Psychiatrist,
"Diane Abraczinskas, MD",Gastroenterologist,Boston
"Emily Aaronson, MD","Location:
													Boston",
"Matthew Abadir, MD","Locations:
													Boston,
														Salem",
"Lauren Abbate, MD",Primary Care Physician,Boston
"Gerald Abbott, MD",Radiologist,Boston
"Shadi Abdar Esfahani, MD, MPH",Radiologist,Boston
"Dunia Abdul-Aziz, MD",,
"Sama Abdul-Aziz, DMD","Location:
													Boston",
"John Ablon, PhD","Location:
													Boston",
"Steven Ablon, MD",Psychiatrist,
"Diane Abraczinskas, MD",Gastroenterologist,Boston
"Emily Aaronson, MD","Location:
													Boston",
"Matthew Abadir, MD","Locations:
													Boston,
														Salem",
"Lauren Abbate, MD",Primary Care Physician,Boston
"Gerald Abbott, MD",Radiologist,Boston
"Shadi Abdar Esfahani, MD, MPH",Radiologist,Boston
"Dunia Abdul-Aziz, MD",,
"Sama Abdul-Aziz, DMD","Location:
													Boston",
"John Ablon, PhD","Location:
													Boston",
"Steven Ablon, MD",Psychiatrist,
"Diane Abraczinskas, MD",Gastroenterologist,Boston
"Emily Aaronson, MD","Location:
													Boston",
"Matthew Abadir, MD","Locations:
													Boston,
														Salem",
"Lauren Abbate, MD",Primary Care Physician,Boston
"Gerald Abbott, MD",Radiologist,Boston
"Shadi Abdar Esfahani, MD, MPH",Radiologist,Boston
"Dunia Abdul-Aziz, MD",,
"Sama Abdul-Aziz, DMD","Location:
													Boston",
"John Ablon, PhD","Location:
													Boston",
"Steven Ablon, MD",Psychiatrist,
"Diane Abraczinskas, MD",Gastroenterologist,Boston
"Emily Aaronson, MD","Location:
													Boston",
"Matthew Abadir, MD","Locations:
													Boston,
														Salem",
"Lauren Abbate, MD",Primary Care Physician,Boston
"Gerald Abbott, MD",Radiologist,Boston
"Shadi Abdar Esfahani, MD, MPH",Radiologist,Boston
"Dunia Abdul-Aziz, MD",,
"Sama Abdul-Aziz, DMD","Location:
													Boston",
"John Ablon, PhD","Location:
													Boston",
"Steven Ablon, MD",Psychiatrist,
"Diane Abraczinskas, MD",Gastroenterologist,Boston
"Emily Aaronson, MD","Location:
													Boston",
"Matthew Abadir, MD","Locations:
													Boston,
														Salem",
"Lauren Abbate, MD",Primary Care Physician,Boston
"Gerald Abbott, MD",Radiologist,Boston
"Shadi Abdar Esfahani, MD, MPH",Radiologist,Boston
"Dunia Abdul-Aziz, MD",,
"Sama Abdul-Aziz, DMD","Location:
													Boston",
"John Ablon, PhD","Location:
													Boston",
"Steven Ablon, MD",Psychiatrist,
"Diane Abraczinskas, MD",Gastroenterologist,Boston
"Emily Aaronson, MD","Location:
													Boston",
"Matthew Abadir, MD","Locations:
													Boston,
														Salem",
"Lauren Abbate, MD",Primary Care Physician,Boston
"Gerald Abbott, MD",Radiologist,Boston
"Shadi Abdar Esfahani, MD, MPH",Radiologist,Boston
"Dunia Abdul-Aziz, MD",,
"Sama Abdul-Aziz, DMD","Location:
													Boston",
"John Ablon, PhD","Location:
													Boston",
"Steven Ablon, MD",Psychiatrist,
"Diane Abraczinskas, MD",Gastroenterologist,Boston
"Emily Aaronson, MD","Location:
													Boston",
"Matthew Abadir, MD","Locations:
													Boston,
														Salem",
"Lauren Abbate, MD",Primary Care Physician,Boston
"Gerald Abbott, MD",Radiologist,Boston
"Shadi Abdar Esfahani, MD, MPH",Radiologist,Boston
"Dunia Abdul-Aziz, MD",,
"Sama Abdul-Aziz, DMD","Location:
													Boston",
"John Ablon, PhD","Location:
													Boston",
"Steven Ablon, MD",Psychiatrist,
"Diane Abraczinskas, MD",Gastroenterologist,Boston
"Emily Aaronson, MD","Location:
													Boston",
"Matthew Abadir, MD","Locations:
													Boston,
														Salem",
"Lauren Abbate, MD",Primary Care Physician,Boston
"Gerald Abbott, MD",Radiologist,Boston
"Shadi Abdar Esfahani, MD, MPH",Radiologist,Boston
"Dunia Abdul-Aziz, MD",,
"Sama Abdul-Aziz, DMD","Location:
													Boston",
"John Ablon, PhD","Location:
													Boston",
"Steven Ablon, MD",Psychiatrist,
"Diane Abraczinskas, MD",Gastroenterologist,Boston
"Emily Aaronson, MD","Location:
													Boston",
"Matthew Abadir, MD","Locations:
													Boston,
														Salem",
"Lauren Abbate, MD",Primary Care Physician,Boston
"Gerald Abbott, MD",Radiologist,Boston
"Shadi Abdar Esfahani, MD, MPH",Radiologist,Boston
"Dunia Abdul-Aziz, MD",,
"Sama Abdul-Aziz, DMD","Location:
													Boston",
"John Ablon, PhD","Location:
													Boston",
"Steven Ablon, MD",Psychiatrist,
"Diane Abraczinskas, MD",Gastroenterologist,Boston
"Emily Aaronson, MD","Location:
													Boston",
"Matthew Abadir, MD","Locations:
													Boston,
														Salem",
"Lauren Abbate, MD",Primary Care Physician,Boston
"Gerald Abbott, MD",Radiologist,Boston
"Shadi Abdar Esfahani, MD, MPH",Radiologist,Boston
"Dunia Abdul-Aziz, MD",,
"Sama Abdul-Aziz, DMD","Location:
													Boston",
"John Ablon, PhD","Location:
													Boston",
"Steven Ablon, MD",Psychiatrist,
"Diane Abraczinskas, MD",Gastroenterologist,Boston
"Emily Aaronson, MD","Location:
													Boston",
"Matthew Abadir, MD","Locations:
													Boston,
														Salem",
"Lauren Abbate, MD",Primary Care Physician,Boston
"Gerald Abbott, MD",Radiologist,Boston
"Shadi Abdar Esfahani, MD, MPH",Radiologist,Boston
"Dunia Abdul-Aziz, MD",,
"Sama Abdul-Aziz, DMD","Location:
													Boston",
"John Ablon, PhD","Location:
													Boston",
"Steven Ablon, MD",Psychiatrist,
"Diane Abraczinskas, MD",Gastroenterologist,Boston
"Emily Aaronson, MD","Location:
													Boston",
"Matthew Abadir, MD","Locations:
													Boston,
														Salem",
"Lauren Abbate, MD",Primary Care Physician,Boston
"Gerald Abbott, MD",Radiologist,Boston
"Shadi Abdar Esfahani, MD, MPH",Radiologist,Boston
"Dunia Abdul-Aziz, MD",,
"Sama Abdul-Aziz, DMD","Location:
													Boston",
"John Ablon, PhD","Location:
													Boston",
"Steven Ablon, MD",Psychiatrist,
"Diane Abraczinskas, MD",Gastroenterologist,Boston
"Emily Aaronson, MD","Location:
													Boston",
"Matthew Abadir, MD","Locations:
													Boston,
														Salem",
"Lauren Abbate, MD",Primary Care Physician,Boston
"Gerald Abbott, MD",Radiologist,Boston
"Shadi Abdar Esfahani, MD, MPH",Radiologist,Boston
"Dunia Abdul-Aziz, MD",,
"Sama Abdul-Aziz, DMD","Location:
													Boston",
"John Ablon, PhD","Location:
													Boston",
"Steven Ablon, MD",Psychiatrist,
"Diane Abraczinskas, MD",Gastroenterologist,Boston
"Emily Aaronson, MD","Location:
													Boston",
"Matthew Abadir, MD","Locations:
													Boston,
														Salem",
"Lauren Abbate, MD",Primary Care Physician,Boston
"Gerald Abbott, MD",Radiologist,Boston
"Shadi Abdar Esfahani, MD, MPH",Radiologist,Boston
"Dunia Abdul-Aziz, MD",,
"Sama Abdul-Aziz, DMD","Location:
													Boston",
"John Ablon, PhD","Location:
													Boston",
"Steven Ablon, MD",Psychiatrist,
"Diane Abraczinskas, MD",Gastroenterologist,Boston
"Emily Aaronson, MD","Location:
													Boston",
"Matthew Abadir, MD","Locations:
													Boston,
														Salem",
"Lauren Abbate, MD",Primary Care Physician,Boston
"Gerald Abbott, MD",Radiologist,Boston
"Shadi Abdar Esfahani, MD, MPH",Radiologist,Boston
"Dunia Abdul-Aziz, MD",,
"Sama Abdul-Aziz, DMD","Location:
													Boston",
"John Ablon, PhD","Location:
													Boston",
"Steven Ablon, MD",Psychiatrist,
"Diane Abraczinskas, MD",Gastroenterologist,Boston
"Emily Aaronson, MD","Location:
													Boston",
"Matthew Abadir, MD","Locations:
													Boston,
														Salem",
"Lauren Abbate, MD",Primary Care Physician,Boston
"Gerald Abbott, MD",Radiologist,Boston
"Shadi Abdar Esfahani, MD, MPH",Radiologist,Boston
"Dunia Abdul-Aziz, MD",,
"Sama Abdul-Aziz, DMD","Location:
													Boston",
"John Ablon, PhD","Location:
													Boston",
"Steven Ablon, MD",Psychiatrist,
"Diane Abraczinskas, MD",Gastroenterologist,Boston
"Emily Aaronson, MD","Location:
													Boston",
"Matthew Abadir, MD","Locations:
													Boston,
														Salem",
"Lauren Abbate, MD",Primary Care Physician,Boston
"Gerald Abbott, MD",Radiologist,Boston
"Shadi Abdar Esfahani, MD, MPH",Radiologist,Boston
"Dunia Abdul-Aziz, MD",,
"Sama Abdul-Aziz, DMD","Location:
													Boston",
"John Ablon, PhD","Location:
													Boston",
"Steven Ablon, MD",Psychiatrist,
"Diane Abraczinskas, MD",Gastroenterologist,Boston
"Emily Aaronson, MD","Location:
													Boston",
"Matthew Abadir, MD","Locations:
													Boston,
														Salem",
"Lauren Abbate, MD",Primary Care Physician,Boston
"Gerald Abbott, MD",Radiologist,Boston
"Shadi Abdar Esfahani, MD, MPH",Radiologist,Boston
"Dunia Abdul-Aziz, MD",,
"Sama Abdul-Aziz, DMD","Location:
													Boston",
"John Ablon, PhD","Location:
													Boston",
"Steven Ablon, MD",Psychiatrist,
"Diane Abraczinskas, MD",Gastroenterologist,Boston
"Emily Aaronson, MD","Location:
													Boston",
"Matthew Abadir, MD","Locations:
													Boston,
														Salem",
"Lauren Abbate, MD",Primary Care Physician,Boston
"Gerald Abbott, MD",Radiologist,Boston
"Shadi Abdar Esfahani, MD, MPH",Radiologist,Boston
"Dunia Abdul-Aziz, MD",,
"Sama Abdul-Aziz, DMD","Location:
													Boston",
"John Ablon, PhD","Location:
													Boston",
"Steven Ablon, MD",Psychiatrist,
"Diane Abraczinskas, MD",Gastroenterologist,Boston
"Emily Aaronson, MD","Location:
													Boston",
"Matthew Abadir, MD","Locations:
													Boston,
														Salem",
"Lauren Abbate, MD",Primary Care Physician,Boston
"Gerald Abbott, MD",Radiologist,Boston
"Shadi Abdar Esfahani, MD, MPH",Radiologist,Boston
"Dunia Abdul-Aziz, MD",,
"Sama Abdul-Aziz, DMD","Location:
													Boston",
"John Ablon, PhD","Location:
													Boston",
"Steven Ablon, MD",Psychiatrist,
"Diane Abraczinskas, MD",Gastroenterologist,Boston
"Emily Aaronson, MD","Location:
													Boston",
"Matthew Abadir, MD","Locations:
													Boston,
														Salem",
"Lauren Abbate, MD",Primary Care Physician,Boston
"Gerald Abbott, MD",Radiologist,Boston
"Shadi Abdar Esfahani, MD, MPH",Radiologist,Boston
"Dunia Abdul-Aziz, MD",,
"Sama Abdul-Aziz, DMD","Location:
													Boston",
"John Ablon, PhD","Location:
													Boston",
"Steven Ablon, MD",Psychiatrist,
"Diane Abraczinskas, MD",Gastroenterologist,Boston
"Emily Aaronson, MD","Location:
													Boston",
"Matthew Abadir, MD","Locations:
													Boston,
														Salem",
"Lauren Abbate, MD",Primary Care Physician,Boston
"Gerald Abbott, MD",Radiologist,Boston
"Shadi Abdar Esfahani, MD, MPH",Radiologist,Boston
"Dunia Abdul-Aziz, MD",,
"Sama Abdul-Aziz, DMD","Location:
													Boston",
"John Ablon, PhD","Location:
													Boston",
"Steven Ablon, MD",Psychiatrist,
"Diane Abraczinskas, MD",Gastroenterologist,Boston
"Emily Aaronson, MD","Location:
													Boston",
"Matthew Abadir, MD","Locations:
													Boston,
														Salem",
"Lauren Abbate, MD",Primary Care Physician,Boston
"Gerald Abbott, MD",Radiologist,Boston
"Shadi Abdar Esfahani, MD, MPH",Radiologist,Boston
"Dunia Abdul-Aziz, MD",,
"Sama Abdul-Aziz, DMD","Location:
													Boston",
"John Ablon, PhD","Location:
													Boston",
"Steven Ablon, MD",Psychiatrist,
"Diane Abraczinskas, MD",Gastroenterologist,Boston
"Emily Aaronson, MD","Location:
													Boston",
"Matthew Abadir, MD","Locations:
													Boston,
														Salem",
"Lauren Abbate, MD",Primary Care Physician,Boston
"Gerald Abbott, MD",Radiologist,Boston
"Shadi Abdar Esfahani, MD, MPH",Radiologist,Boston
"Dunia Abdul-Aziz, MD",,
"Sama Abdul-Aziz, DMD","Location:
													Boston",
"John Ablon, PhD","Location:
													Boston",
"Steven Ablon, MD",Psychiatrist,
"Diane Abraczinskas, MD",Gastroenterologist,Boston
"Emily Aaronson, MD","Location:
													Boston",
"Matthew Abadir, MD","Locations:
													Boston,
														Salem",
"Lauren Abbate, MD",Primary Care Physician,Boston
"Gerald Abbott, MD",Radiologist,Boston
"Shadi Abdar Esfahani, MD, MPH",Radiologist,Boston
"Dunia Abdul-Aziz, MD",,
"Sama Abdul-Aziz, DMD","Location:
													Boston",
"John Ablon, PhD","Location:
													Boston",
"Steven Ablon, MD",Psychiatrist,
"Diane Abraczinskas, MD",Gastroenterologist,Boston
"Emily Aaronson, MD","Location:
													Boston",
"Matthew Abadir, MD","Locations:
													Boston,
														Salem",
"Lauren Abbate, MD",Primary Care Physician,Boston
"Gerald Abbott, MD",Radiologist,Boston
"Shadi Abdar Esfahani, MD, MPH",Radiologist,Boston
"Dunia Abdul-Aziz, MD",,
"Sama Abdul-Aziz, DMD","Location:
													Boston",
"John Ablon, PhD","Location:
													Boston",
"Steven Ablon, MD",Psychiatrist,
"Diane Abraczinskas, MD",Gastroenterologist,Boston
"Emily Aaronson, MD","Location:
													Boston",
"Matthew Abadir, MD","Locations:
													Boston,
														Salem",
"Lauren Abbate, MD",Primary Care Physician,Boston
"Gerald Abbott, MD",Radiologist,Boston
"Shadi Abdar Esfahani, MD, MPH",Radiologist,Boston
"Dunia Abdul-Aziz, MD",,
"Sama Abdul-Aziz, DMD","Location:
													Boston",
"John Ablon, PhD","Location:
													Boston",
"Steven Ablon, MD",Psychiatrist,
"Diane Abraczinskas, MD",Gastroenterologist,Boston
"Emily Aaronson, MD","Location:
													Boston",
"Matthew Abadir, MD","Locations:
													Boston,
														Salem",
"Lauren Abbate, MD",Primary Care Physician,Boston
"Gerald Abbott, MD",Radiologist,Boston
"Shadi Abdar Esfahani, MD, MPH",Radiologist,Boston
"Dunia Abdul-Aziz, MD",,
"Sama Abdul-Aziz, DMD","Location:
													Boston",
"John Ablon, PhD","Location:
													Boston",
"Steven Ablon, MD",Psychiatrist,
"Diane Abraczinskas, MD",Gastroenterologist,Boston
"Emily Aaronson, MD","Location:
													Boston",
"Matthew Abadir, MD","Locations:
													Boston,
														Salem",
"Lauren Abbate, MD",Primary Care Physician,Boston
"Gerald Abbott, MD",Radiologist,Boston
"Shadi Abdar Esfahani, MD, MPH",Radiologist,Boston
"Dunia Abdul-Aziz, MD",,
"Sama Abdul-Aziz, DMD","Location:
													Boston",
"John Ablon, PhD","Location:
													Boston",
"Steven Ablon, MD",Psychiatrist,
"Diane Abraczinskas, MD",Gastroenterologist,Boston
"Emily Aaronson, MD","Location:
													Boston",
"Matthew Abadir, MD","Locations:
													Boston,
														Salem",
"Lauren Abbate, MD",Primary Care Physician,Boston
"Gerald Abbott, MD",Radiologist,Boston
"Shadi Abdar Esfahani, MD, MPH",Radiologist,Boston
"Dunia Abdul-Aziz, MD",,
"Sama Abdul-Aziz, DMD","Location:
													Boston",
"John Ablon, PhD","Location:
													Boston",
"Steven Ablon, MD",Psychiatrist,
"Diane Abraczinskas, MD",Gastroenterologist,Boston
"Emily Aaronson, MD","Location:
													Boston",
"Matthew Abadir, MD","Locations:
													Boston,
														Salem",
"Lauren Abbate, MD",Primary Care Physician,Boston
"Gerald Abbott, MD",Radiologist,Boston
"Shadi Abdar Esfahani, MD, MPH",Radiologist,Boston
"Dunia Abdul-Aziz, MD",,
"Sama Abdul-Aziz, DMD","Location:
													Boston",
"John Ablon, PhD","Location:
													Boston",
"Steven Ablon, MD",Psychiatrist,
"Diane Abraczinskas, MD",Gastroenterologist,Boston
"Emily Aaronson, MD","Location:
													Boston",
"Matthew Abadir, MD","Locations:
													Boston,
														Salem",
"Lauren Abbate, MD",Primary Care Physician,Boston
"Gerald Abbott, MD",Radiologist,Boston
"Shadi Abdar Esfahani, MD, MPH",Radiologist,Boston
"Dunia Abdul-Aziz, MD",,
"Sama Abdul-Aziz, DMD","Location:
													Boston",
"John Ablon, PhD","Location:
													Boston",
"Steven Ablon, MD",Psychiatrist,
"Diane Abraczinskas, MD",Gastroenterologist,Boston
"Emily Aaronson, MD","Location:
													Boston",
"Matthew Abadir, MD","Locations:
													Boston,
														Salem",
"Lauren Abbate, MD",Primary Care Physician,Boston
"Gerald Abbott, MD",Radiologist,Boston
"Shadi Abdar Esfahani, MD, MPH",Radiologist,Boston
"Dunia Abdul-Aziz, MD",,
"Sama Abdul-Aziz, DMD","Location:
													Boston",
"John Ablon, PhD","Location:
													Boston",
"Steven Ablon, MD",Psychiatrist,
"Diane Abraczinskas, MD",Gastroenterologist,Boston
"Emily Aaronson, MD","Location:
													Boston",
"Matthew Abadir, MD","Locations:
													Boston,
														Salem",
"Lauren Abbate, MD",Primary Care Physician,Boston
"Gerald Abbott, MD",Radiologist,Boston
"Shadi Abdar Esfahani, MD, MPH",Radiologist,Boston
"Dunia Abdul-Aziz, MD",,
"Sama Abdul-Aziz, DMD","Location:
													Boston",
"John Ablon, PhD","Location:
													Boston",
"Steven Ablon, MD",Psychiatrist,
"Diane Abraczinskas, MD",Gastroenterologist,Boston
"Emily Aaronson, MD","Location:
													Boston",
"Matthew Abadir, MD","Locations:
													Boston,
														Salem",
"Lauren Abbate, MD",Primary Care Physician,Boston
"Gerald Abbott, MD",Radiologist,Boston
"Shadi Abdar Esfahani, MD, MPH",Radiologist,Boston
"Dunia Abdul-Aziz, MD",,
"Sama Abdul-Aziz, DMD","Location:
													Boston",
"John Ablon, PhD","Location:
													Boston",
"Steven Ablon, MD",Psychiatrist,
"Diane Abraczinskas, MD",Gastroenterologist,Boston
"Emily Aaronson, MD","Location:
													Boston",
"Matthew Abadir, MD","Locations:
													Boston,
														Salem",
"Lauren Abbate, MD",Primary Care Physician,Boston
"Gerald Abbott, MD",Radiologist,Boston
"Shadi Abdar Esfahani, MD, MPH",Radiologist,Boston
"Dunia Abdul-Aziz, MD",,
"Sama Abdul-Aziz, DMD","Location:
													Boston",
"John Ablon, PhD","Location:
													Boston",
"Steven Ablon, MD",Psychiatrist,
"Diane Abraczinskas, MD",Gastroenterologist,Boston
"Emily Aaronson, MD","Location:
													Boston",
"Matthew Abadir, MD","Locations:
													Boston,
														Salem",
"Lauren Abbate, MD",Primary Care Physician,Boston
"Gerald Abbott, MD",Radiologist,Boston
"Shadi Abdar Esfahani, MD, MPH",Radiologist,Boston
"Dunia Abdul-Aziz, MD",,
"Sama Abdul-Aziz, DMD","Location:
													Boston",
"John Ablon, PhD","Location:
													Boston",
"Steven Ablon, MD",Psychiatrist,
"Diane Abraczinskas, MD",Gastroenterologist,Boston
"Emily Aaronson, MD","Location:
													Boston",
"Matthew Abadir, MD","Locations:
													Boston,
														Salem",
"Lauren Abbate, MD",Primary Care Physician,Boston
"Gerald Abbott, MD",Radiologist,Boston
"Shadi Abdar Esfahani, MD, MPH",Radiologist,Boston
"Dunia Abdul-Aziz, MD",,
"Sama Abdul-Aziz, DMD","Location:
													Boston",
"John Ablon, PhD","Location:
													Boston",
"Steven Ablon, MD",Psychiatrist,
"Diane Abraczinskas, MD",Gastroenterologist,Boston
"Emily Aaronson, MD","Location:
													Boston",
"Matthew Abadir, MD","Locations:
													Boston,
														Salem",
"Lauren Abbate, MD",Primary Care Physician,Boston
"Gerald Abbott, MD",Radiologist,Boston
"Shadi Abdar Esfahani, MD, MPH",Radiologist,Boston
"Dunia Abdul-Aziz, MD",,
"Sama Abdul-Aziz, DMD","Location:
													Boston",
"John Ablon, PhD","Location:
													Boston",
"Steven Ablon, MD",Psychiatrist,
"Diane Abraczinskas, MD",Gastroenterologist,Boston
"Emily Aaronson, MD","Location:
													Boston",
"Matthew Abadir, MD","Locations:
													Boston,
														Salem",
"Lauren Abbate, MD",Primary Care Physician,Boston
"Gerald Abbott, MD",Radiologist,Boston
"Shadi Abdar Esfahani, MD, MPH",Radiologist,Boston
"Dunia Abdul-Aziz, MD",,
"Sama Abdul-Aziz, DMD","Location:
													Boston",
"John Ablon, PhD","Location:
													Boston",
"Steven Ablon, MD",Psychiatrist,
"Diane Abraczinskas, MD",Gastroenterologist,Boston
"Emily Aaronson, MD","Location:
													Boston",
"Matthew Abadir, MD","Locations:
													Boston,
														Salem",
"Lauren Abbate, MD",Primary Care Physician,Boston
"Gerald Abbott, MD",Radiologist,Boston
"Shadi Abdar Esfahani, MD, MPH",Radiologist,Boston
"Dunia Abdul-Aziz, MD",,
"Sama Abdul-Aziz, DMD","Location:
													Boston",
"John Ablon, PhD","Location:
													Boston",
"Steven Ablon, MD",Psychiatrist,
"Diane Abraczinskas, MD",Gastroenterologist,Boston
"Emily Aaronson, MD","Location:
													Boston",
"Matthew Abadir, MD","Locations:
													Boston,
														Salem",
"Lauren Abbate, MD",Primary Care Physician,Boston
"Gerald Abbott, MD",Radiologist,Boston
"Shadi Abdar Esfahani, MD, MPH",Radiologist,Boston
"Dunia Abdul-Aziz, MD",,
"Sama Abdul-Aziz, DMD","Location:
													Boston",
"John Ablon, PhD","Location:
													Boston",
"Steven Ablon, MD",Psychiatrist,
"Diane Abraczinskas, MD",Gastroenterologist,Boston
"Emily Aaronson, MD","Location:
													Boston",
"Matthew Abadir, MD","Locations:
													Boston,
														Salem",
"Lauren Abbate, MD",Primary Care Physician,Boston
"Gerald Abbott, MD",Radiologist,Boston
"Shadi Abdar Esfahani, MD, MPH",Radiologist,Boston
"Dunia Abdul-Aziz, MD",,
"Sama Abdul-Aziz, DMD","Location:
													Boston",
"John Ablon, PhD","Location:
													Boston",
"Steven Ablon, MD",Psychiatrist,
"Diane Abraczinskas, MD",Gastroenterologist,Boston
"Emily Aaronson, MD","Location:
													Boston",
"Matthew Abadir, MD","Locations:
													Boston,
														Salem",
"Lauren Abbate, MD",Primary Care Physician,Boston
"Gerald Abbott, MD",Radiologist,Boston
"Shadi Abdar Esfahani, MD, MPH",Radiologist,Boston
"Dunia Abdul-Aziz, MD",,
"Sama Abdul-Aziz, DMD","Location:
													Boston",
"John Ablon, PhD","Location:
													Boston",
"Steven Ablon, MD",Psychiatrist,
"Diane Abraczinskas, MD",Gastroenterologist,Boston
"Emily Aaronson, MD","Location:
													Boston",
"Matthew Abadir, MD","Locations:
													Boston,
														Salem",
"Lauren Abbate, MD",Primary Care Physician,Boston
"Gerald Abbott, MD",Radiologist,Boston
"Shadi Abdar Esfahani, MD, MPH",Radiologist,Boston
"Dunia Abdul-Aziz, MD",,
"Sama Abdul-Aziz, DMD","Location:
													Boston",
"John Ablon, PhD","Location:
													Boston",
"Steven Ablon, MD",Psychiatrist,
"Diane Abraczinskas, MD",Gastroenterologist,Boston
"Emily Aaronson, MD","Location:
													Boston",
"Matthew Abadir, MD","Locations:
													Boston,
														Salem",
"Lauren Abbate, MD",Primary Care Physician,Boston
"Gerald Abbott, MD",Radiologist,Boston
"Shadi Abdar Esfahani, MD, MPH",Radiologist,Boston
"Dunia Abdul-Aziz, MD",,
"Sama Abdul-Aziz, DMD","Location:
													Boston",
"John Ablon, PhD","Location:
													Boston",
"Steven Ablon, MD",Psychiatrist,
"Diane Abraczinskas, MD",Gastroenterologist,Boston
"Emily Aaronson, MD","Location:
													Boston",
"Matthew Abadir, MD","Locations:
													Boston,
														Salem",
"Lauren Abbate, MD",Primary Care Physician,Boston
"Gerald Abbott, MD",Radiologist,Boston
"Shadi Abdar Esfahani, MD, MPH",Radiologist,Boston
"Dunia Abdul-Aziz, MD",,
"Sama Abdul-Aziz, DMD","Location:
													Boston",
"John Ablon, PhD","Location:
													Boston",
"Steven Ablon, MD",Psychiatrist,
"Diane Abraczinskas, MD",Gastroenterologist,Boston
"Emily Aaronson, MD","Location:
													Boston",
"Matthew Abadir, MD","Locations:
													Boston,
														Salem",
"Lauren Abbate, MD",Primary Care Physician,Boston
"Gerald Abbott, MD",Radiologist,Boston
"Shadi Abdar Esfahani, MD, MPH",Radiologist,Boston
"Dunia Abdul-Aziz, MD",,
"Sama Abdul-Aziz, DMD","Location:
													Boston",
"John Ablon, PhD","Location:
													Boston",
"Steven Ablon, MD",Psychiatrist,
"Diane Abraczinskas, MD",Gastroenterologist,Boston
"Emily Aaronson, MD","Location:
													Boston",
"Matthew Abadir, MD","Locations:
													Boston,
														Salem",
"Lauren Abbate, MD",Primary Care Physician,Boston
"Gerald Abbott, MD",Radiologist,Boston
"Shadi Abdar Esfahani, MD, MPH",Radiologist,Boston
"Dunia Abdul-Aziz, MD",,
"Sama Abdul-Aziz, DMD","Location:
													Boston",
"John Ablon, PhD","Location:
													Boston",
"Steven Ablon, MD",Psychiatrist,
"Diane Abraczinskas, MD",Gastroenterologist,Boston
"Emily Aaronson, MD","Location:
													Boston",
"Matthew Abadir, MD","Locations:
													Boston,
														Salem",
"Lauren Abbate, MD",Primary Care Physician,Boston
"Gerald Abbott, MD",Radiologist,Boston
"Shadi Abdar Esfahani, MD, MPH",Radiologist,Boston
"Dunia Abdul-Aziz, MD",,
"Sama Abdul-Aziz, DMD","Location:
													Boston",
"John Ablon, PhD","Location:
													Boston",
"Steven Ablon, MD",Psychiatrist,
"Diane Abraczinskas, MD",Gastroenterologist,Boston
"Emily Aaronson, MD","Location:
													Boston",
"Matthew Abadir, MD","Locations:
													Boston,
														Salem",
"Lauren Abbate, MD",Primary Care Physician,Boston
"Gerald Abbott, MD",Radiologist,Boston
"Shadi Abdar Esfahani, MD, MPH",Radiologist,Boston
"Dunia Abdul-Aziz, MD",,
"Sama Abdul-Aziz, DMD","Location:
													Boston",
"John Ablon, PhD","Location:
													Boston",
"Steven Ablon, MD",Psychiatrist,
"Diane Abraczinskas, MD",Gastroenterologist,Boston
"Emily Aaronson, MD","Location:
													Boston",
"Matthew Abadir, MD","Locations:
													Boston,
														Salem",
"Lauren Abbate, MD",Primary Care Physician,Boston
"Gerald Abbott, MD",Radiologist,Boston
"Shadi Abdar Esfahani, MD, MPH",Radiologist,Boston
"Dunia Abdul-Aziz, MD",,
"Sama Abdul-Aziz, DMD","Location:
													Boston",
"John Ablon, PhD","Location:
													Boston",
"Steven Ablon, MD",Psychiatrist,
"Diane Abraczinskas, MD",Gastroenterologist,Boston
"Emily Aaronson, MD","Location:
													Boston",
"Matthew Abadir, MD","Locations:
													Boston,
														Salem",
"Lauren Abbate, MD",Primary Care Physician,Boston
"Gerald Abbott, MD",Radiologist,Boston
"Shadi Abdar Esfahani, MD, MPH",Radiologist,Boston
"Dunia Abdul-Aziz, MD",,
"Sama Abdul-Aziz, DMD","Location:
													Boston",
"John Ablon, PhD","Location:
													Boston",
"Steven Ablon, MD",Psychiatrist,
"Diane Abraczinskas, MD",Gastroenterologist,Boston
"Emily Aaronson, MD","Location:
													Boston",
"Matthew Abadir, MD","Locations:
													Boston,
														Salem",
"Lauren Abbate, MD",Primary Care Physician,Boston
"Gerald Abbott, MD",Radiologist,Boston
"Shadi Abdar Esfahani, MD, MPH",Radiologist,Boston
"Dunia Abdul-Aziz, MD",,
"Sama Abdul-Aziz, DMD","Location:
													Boston",
"John Ablon, PhD","Location:
													Boston",
"Steven Ablon, MD",Psychiatrist,
"Diane Abraczinskas, MD",Gastroenterologist,Boston
"Emily Aaronson, MD","Location:
													Boston",
"Matthew Abadir, MD","Locations:
													Boston,
														Salem",
"Lauren Abbate, MD",Primary Care Physician,Boston
"Gerald Abbott, MD",Radiologist,Boston
"Shadi Abdar Esfahani, MD, MPH",Radiologist,Boston
"Dunia Abdul-Aziz, MD",,
"Sama Abdul-Aziz, DMD","Location:
													Boston",
"John Ablon, PhD","Location:
													Boston",
"Steven Ablon, MD",Psychiatrist,
"Diane Abraczinskas, MD",Gastroenterologist,Boston
"Emily Aaronson, MD","Location:
													Boston",
"Matthew Abadir, MD","Locations:
													Boston,
														Salem",
"Lauren Abbate, MD",Primary Care Physician,Boston
"Gerald Abbott, MD",Radiologist,Boston
"Shadi Abdar Esfahani, MD, MPH",Radiologist,Boston
"Dunia Abdul-Aziz, MD",,
"Sama Abdul-Aziz, DMD","Location:
													Boston",
"John Ablon, PhD","Location:
													Boston",
"Steven Ablon, MD",Psychiatrist,
"Diane Abraczinskas, MD",Gastroenterologist,Boston
"Emily Aaronson, MD","Location:
													Boston",
"Matthew Abadir, MD","Locations:
													Boston,
														Salem",
"Lauren Abbate, MD",Primary Care Physician,Boston
"Gerald Abbott, MD",Radiologist,Boston
"Shadi Abdar Esfahani, MD, MPH",Radiologist,Boston
"Dunia Abdul-Aziz, MD",,
"Sama Abdul-Aziz, DMD","Location:
													Boston",
"John Ablon, PhD","Location:
													Boston",
"Steven Ablon, MD",Psychiatrist,
"Diane Abraczinskas, MD",Gastroenterologist,Boston
"Emily Aaronson, MD","Location:
													Boston",
"Matthew Abadir, MD","Locations:
													Boston,
														Salem",
"Lauren Abbate, MD",Primary Care Physician,Boston
"Gerald Abbott, MD",Radiologist,Boston
"Shadi Abdar Esfahani, MD, MPH",Radiologist,Boston
"Dunia Abdul-Aziz, MD",,
"Sama Abdul-Aziz, DMD","Location:
													Boston",
"John Ablon, PhD","Location:
													Boston",
"Steven Ablon, MD",Psychiatrist,
"Diane Abraczinskas, MD",Gastroenterologist,Boston
"Emily Aaronson, MD","Location:
													Boston",
"Matthew Abadir, MD","Locations:
													Boston,
														Salem",
"Lauren Abbate, MD",Primary Care Physician,Boston
"Gerald Abbott, MD",Radiologist,Boston
"Shadi Abdar Esfahani, MD, MPH",Radiologist,Boston
"Dunia Abdul-Aziz, MD",,
"Sama Abdul-Aziz, DMD","Location:
													Boston",
"John Ablon, PhD","Location:
													Boston",
"Steven Ablon, MD",Psychiatrist,
"Diane Abraczinskas, MD",Gastroenterologist,Boston
"Emily Aaronson, MD","Location:
													Boston",
"Matthew Abadir, MD","Locations:
													Boston,
														Salem",
"Lauren Abbate, MD",Primary Care Physician,Boston
"Gerald Abbott, MD",Radiologist,Boston
"Shadi Abdar Esfahani, MD, MPH",Radiologist,Boston
"Dunia Abdul-Aziz, MD",,
"Sama Abdul-Aziz, DMD","Location:
													Boston",
"John Ablon, PhD","Location:
													Boston",
"Steven Ablon, MD",Psychiatrist,
"Diane Abraczinskas, MD",Gastroenterologist,Boston
"Emily Aaronson, MD","Location:
													Boston",
"Matthew Abadir, MD","Locations:
													Boston,
														Salem",
"Lauren Abbate, MD",Primary Care Physician,Boston
"Gerald Abbott, MD",Radiologist,Boston
"Shadi Abdar Esfahani, MD, MPH",Radiologist,Boston
"Dunia Abdul-Aziz, MD",,
"Sama Abdul-Aziz, DMD","Location:
													Boston",
"John Ablon, PhD","Location:
													Boston",
"Steven Ablon, MD",Psychiatrist,
"Diane Abraczinskas, MD",Gastroenterologist,Boston
"Emily Aaronson, MD","Location:
													Boston",
"Matthew Abadir, MD","Locations:
													Boston,
														Salem",
"Lauren Abbate, MD",Primary Care Physician,Boston
"Gerald Abbott, MD",Radiologist,Boston
"Shadi Abdar Esfahani, MD, MPH",Radiologist,Boston
"Dunia Abdul-Aziz, MD",,
"Sama Abdul-Aziz, DMD","Location:
													Boston",
"John Ablon, PhD","Location:
													Boston",
"Steven Ablon, MD",Psychiatrist,
"Diane Abraczinskas, MD",Gastroenterologist,Boston
"Emily Aaronson, MD","Location:
													Boston",
"Matthew Abadir, MD","Locations:
													Boston,
														Salem",
"Lauren Abbate, MD",Primary Care Physician,Boston
"Gerald Abbott, MD",Radiologist,Boston
"Shadi Abdar Esfahani, MD, MPH",Radiologist,Boston
"Dunia Abdul-Aziz, MD",,
"Sama Abdul-Aziz, DMD","Location:
													Boston",
"John Ablon, PhD","Location:
													Boston",
"Steven Ablon, MD",Psychiatrist,
"Diane Abraczinskas, MD",Gastroenterologist,Boston
"Emily Aaronson, MD","Location:
													Boston",
"Matthew Abadir, MD","Locations:
													Boston,
														Salem",
"Lauren Abbate, MD",Primary Care Physician,Boston
"Gerald Abbott, MD",Radiologist,Boston
"Shadi Abdar Esfahani, MD, MPH",Radiologist,Boston
"Dunia Abdul-Aziz, MD",,
"Sama Abdul-Aziz, DMD","Location:
													Boston",
"John Ablon, PhD","Location:
													Boston",
"Steven Ablon, MD",Psychiatrist,
"Diane Abraczinskas, MD",Gastroenterologist,Boston
"Emily Aaronson, MD","Location:
													Boston",
"Matthew Abadir, MD","Locations:
													Boston,
														Salem",
"Lauren Abbate, MD",Primary Care Physician,Boston
"Gerald Abbott, MD",Radiologist,Boston
"Shadi Abdar Esfahani, MD, MPH",Radiologist,Boston
"Dunia Abdul-Aziz, MD",,
"Sama Abdul-Aziz, DMD","Location:
													Boston",
"John Ablon, PhD","Location:
													Boston",
"Steven Ablon, MD",Psychiatrist,
"Diane Abraczinskas, MD",Gastroenterologist,Boston
"Emily Aaronson, MD","Location:
													Boston",
"Matthew Abadir, MD","Locations:
													Boston,
														Salem",
"Lauren Abbate, MD",Primary Care Physician,Boston
"Gerald Abbott, MD",Radiologist,Boston
"Shadi Abdar Esfahani, MD, MPH",Radiologist,Boston
"Dunia Abdul-Aziz, MD",,
"Sama Abdul-Aziz, DMD","Location:
													Boston",
"John Ablon, PhD","Location:
													Boston",
"Steven Ablon, MD",Psychiatrist,
"Diane Abraczinskas, MD",Gastroenterologist,Boston
"Emily Aaronson, MD","Location:
													Boston",
"Matthew Abadir, MD","Locations:
													Boston,
														Salem",
"Lauren Abbate, MD",Primary Care Physician,Boston
"Gerald Abbott, MD",Radiologist,Boston
"Shadi Abdar Esfahani, MD, MPH",Radiologist,Boston
"Dunia Abdul-Aziz, MD",,
"Sama Abdul-Aziz, DMD","Location:
													Boston",
"John Ablon, PhD","Location:
													Boston",
"Steven Ablon, MD",Psychiatrist,
"Diane Abraczinskas, MD",Gastroenterologist,Boston
"Emily Aaronson, MD","Location:
													Boston",
"Matthew Abadir, MD","Locations:
													Boston,
														Salem",
"Lauren Abbate, MD",Primary Care Physician,Boston
"Gerald Abbott, MD",Radiologist,Boston
"Shadi Abdar Esfahani, MD, MPH",Radiologist,Boston
"Dunia Abdul-Aziz, MD",,
"Sama Abdul-Aziz, DMD","Location:
													Boston",
"John Ablon, PhD","Location:
													Boston",
"Steven Ablon, MD",Psychiatrist,
"Diane Abraczinskas, MD",Gastroenterologist,Boston
"Emily Aaronson, MD","Location:
													Boston",
"Matthew Abadir, MD","Locations:
													Boston,
														Salem",
"Lauren Abbate, MD",Primary Care Physician,Boston
"Gerald Abbott, MD",Radiologist,Boston
"Shadi Abdar Esfahani, MD, MPH",Radiologist,Boston
"Dunia Abdul-Aziz, MD",,
"Sama Abdul-Aziz, DMD","Location:
													Boston",
"John Ablon, PhD","Location:
													Boston",
"Steven Ablon, MD",Psychiatrist,
"Diane Abraczinskas, MD",Gastroenterologist,Boston
"Emily Aaronson, MD","Location:
													Boston",
"Matthew Abadir, MD","Locations:
													Boston,
														Salem",
"Lauren Abbate, MD",Primary Care Physician,Boston
"Gerald Abbott, MD",Radiologist,Boston
"Shadi Abdar Esfahani, MD, MPH",Radiologist,Boston
"Dunia Abdul-Aziz, MD",,
"Sama Abdul-Aziz, DMD","Location:
													Boston",
"John Ablon, PhD","Location:
													Boston",
"Steven Ablon, MD",Psychiatrist,
"Diane Abraczinskas, MD",Gastroenterologist,Boston
"Emily Aaronson, MD","Location:
													Boston",
"Matthew Abadir, MD","Locations:
													Boston,
														Salem",
"Lauren Abbate, MD",Primary Care Physician,Boston
"Gerald Abbott, MD",Radiologist,Boston
"Shadi Abdar Esfahani, MD, MPH",Radiologist,Boston
"Dunia Abdul-Aziz, MD",,
"Sama Abdul-Aziz, DMD","Location:
													Boston",
"John Ablon, PhD","Location:
													Boston",
"Steven Ablon, MD",Psychiatrist,
"Diane Abraczinskas, MD",Gastroenterologist,Boston
"Emily Aaronson, MD","Location:
													Boston",
"Matthew Abadir, MD","Locations:
													Boston,
														Salem",
"Lauren Abbate, MD",Primary Care Physician,Boston
"Gerald Abbott, MD",Radiologist,Boston
"Shadi Abdar Esfahani, MD, MPH",Radiologist,Boston
"Dunia Abdul-Aziz, MD",,
"Sama Abdul-Aziz, DMD","Location:
													Boston",
"John Ablon, PhD","Location:
													Boston",
"Steven Ablon, MD",Psychiatrist,
"Diane Abraczinskas, MD",Gastroenterologist,Boston
"Emily Aaronson, MD","Location:
													Boston",
"Matthew Abadir, MD","Locations:
													Boston,
														Salem",
"Lauren Abbate, MD",Primary Care Physician,Boston
"Gerald Abbott, MD",Radiologist,Boston
"Shadi Abdar Esfahani, MD, MPH",Radiologist,Boston
"Dunia Abdul-Aziz, MD",,
"Sama Abdul-Aziz, DMD","Location:
													Boston",
"John Ablon, PhD","Location:
													Boston",
"Steven Ablon, MD",Psychiatrist,
"Diane Abraczinskas, MD",Gastroenterologist,Boston
"Emily Aaronson, MD","Location:
													Boston",
"Matthew Abadir, MD","Locations:
													Boston,
														Salem",
"Lauren Abbate, MD",Primary Care Physician,Boston
"Gerald Abbott, MD",Radiologist,Boston
"Shadi Abdar Esfahani, MD, MPH",Radiologist,Boston
"Dunia Abdul-Aziz, MD",,
"Sama Abdul-Aziz, DMD","Location:
													Boston",
"John Ablon, PhD","Location:
													Boston",
"Steven Ablon, MD",Psychiatrist,
"Diane Abraczinskas, MD",Gastroenterologist,Boston
"Emily Aaronson, MD","Location:
													Boston",
"Matthew Abadir, MD","Locations:
													Boston,
														Salem",
"Lauren Abbate, MD",Primary Care Physician,Boston
"Gerald Abbott, MD",Radiologist,Boston
"Shadi Abdar Esfahani, MD, MPH",Radiologist,Boston
"Dunia Abdul-Aziz, MD",,
"Sama Abdul-Aziz, DMD","Location:
													Boston",
"John Ablon, PhD","Location:
													Boston",
"Steven Ablon, MD",Psychiatrist,
"Diane Abraczinskas, MD",Gastroenterologist,Boston
"Emily Aaronson, MD","Location:
													Boston",
"Matthew Abadir, MD","Locations:
													Boston,
														Salem",
"Lauren Abbate, MD",Primary Care Physician,Boston
"Gerald Abbott, MD",Radiologist,Boston
"Shadi Abdar Esfahani, MD, MPH",Radiologist,Boston
"Dunia Abdul-Aziz, MD",,
"Sama Abdul-Aziz, DMD","Location:
													Boston",
"John Ablon, PhD","Location:
													Boston",
"Steven Ablon, MD",Psychiatrist,
"Diane Abraczinskas, MD",Gastroenterologist,Boston
"Emily Aaronson, MD","Location:
													Boston",
"Matthew Abadir, MD","Locations:
													Boston,
														Salem",
"Lauren Abbate, MD",Primary Care Physician,Boston
"Gerald Abbott, MD",Radiologist,Boston
"Shadi Abdar Esfahani, MD, MPH",Radiologist,Boston
"Dunia Abdul-Aziz, MD",,
"Sama Abdul-Aziz, DMD","Location:
													Boston",
"John Ablon, PhD","Location:
													Boston",
"Steven Ablon, MD",Psychiatrist,
"Diane Abraczinskas, MD",Gastroenterologist,Boston
"Emily Aaronson, MD","Location:
													Boston",
"Matthew Abadir, MD","Locations:
													Boston,
														Salem",
"Lauren Abbate, MD",Primary Care Physician,Boston
"Gerald Abbott, MD",Radiologist,Boston
"Shadi Abdar Esfahani, MD, MPH",Radiologist,Boston
"Dunia Abdul-Aziz, MD",,
"Sama Abdul-Aziz, DMD","Location:
													Boston",
"John Ablon, PhD","Location:
													Boston",
"Steven Ablon, MD",Psychiatrist,
"Diane Abraczinskas, MD",Gastroenterologist,Boston
"Emily Aaronson, MD","Location:
													Boston",
"Matthew Abadir, MD","Locations:
													Boston,
														Salem",
"Lauren Abbate, MD",Primary Care Physician,Boston
"Gerald Abbott, MD",Radiologist,Boston
"Shadi Abdar Esfahani, MD, MPH",Radiologist,Boston
"Dunia Abdul-Aziz, MD",,
"Sama Abdul-Aziz, DMD","Location:
													Boston",
"John Ablon, PhD","Location:
													Boston",
"Steven Ablon, MD",Psychiatrist,
"Diane Abraczinskas, MD",Gastroenterologist,Boston
